<?xml version="1.0" encoding="utf-8"?>
<COLLADA xmlns="http://www.collada.org/2005/11/COLLADASchema" version="1.4.1">
	<asset>
		<contributor>
			<author>Mecabricks User</author>
			<authoring_tool>Mecabricks 6.0</authoring_tool>
		</contributor>
		<created>2025-11-03 T 13:31:17</created>
		<modified>2025-11-03 T 13:31:17</modified>
		<unit name="millimeter" meter="0.001"/>
		<up_axis>Y_UP</up_axis>
	</asset>
	<library_effects>
		<effect id="MB|5-effect">
			<profile_COMMON>
				<technique sid="common">
					<phong>
						<diffuse>
							<color sid="diffuse">0.6653872982754769 0.5028864580233624 0.20155625378383743 1</color>
						</diffuse>
						<index_of_refraction>
							<float sid="index_of_refraction">0</float>
						</index_of_refraction>
					</phong>
				</technique>
			</profile_COMMON>
		</effect>
	</library_effects>
	<library_materials>
		<material id="MB|5-material" name="MB|5">
			<instance_effect url="#MB|5-effect"/>
		</material>
	</library_materials>
	<library_geometries>
		<geometry id="3005-mesh" name="3005">
			<mesh>
				<source id="3005-mesh-positions">
					<float_array id="3005-mesh-positions-array" count="459">3.96 0.02 -3.96 3.96 0.02 3.96 -3.96 0.02 3.96 -3.96 0.02 -3.96 -3.96 9.58 -3.96 -3.96 9.58 3.96 3.96 9.58 3.96 3.96 9.58 -3.96 -2.4 0.02 -2.4 -2.4 0.02 2.4 2.4 0.02 2.4 2.4 0.02 -2.4 2.4 8.6 -2.4 2.4 8.6 2.4 -2.4 8.6 2.4 -2.4 8.6 -2.4 3.96 0.02 3.96 3.96 0.02 3.96 -3.96 0.02 3.96 -3.96 0.02 3.96 3.96 0.02 -3.96 3.96 0.02 -3.96 -3.96 0.02 -3.96 -3.96 0.02 -3.96 -3.96 9.58 -3.96 -3.96 9.58 -3.96 -3.96 9.58 3.96 -3.96 9.58 3.96 3.96 9.58 -3.96 3.96 9.58 -3.96 3.96 9.58 3.96 3.96 9.58 3.96 -2.4 0.02 -2.4 -2.4 0.02 -2.4 -2.4 0.02 2.4 -2.4 0.02 2.4 2.4 0.02 -2.4 2.4 0.02 -2.4 2.4 0.02 2.4 2.4 0.02 2.4 2.4 8.6 2.4 2.4 8.6 2.4 -2.4 8.6 2.4 -2.4 8.6 2.4 2.4 8.6 -2.4 2.4 8.6 -2.4 -2.4 8.6 -2.4 -2.4 8.6 -2.4 0.918 11.15 -2.217 0.821 11.4 -1.982 0.89 11.327 -2.148 1.517 11.4 -1.517 1.697 11.15 -1.697 1.644 11.327 -1.644 2.217 11.15 -0.918 1.982 11.4 -0.821 2.148 11.327 -0.89 2.145 11.4 0 2.4 11.15 0 2.325 11.327 0 2.217 11.15 0.918 1.982 11.4 0.821 2.148 11.327 0.89 1.697 11.15 1.697 1.517 11.4 1.517 1.644 11.327 1.644 0.918 11.15 2.217 0.821 11.4 1.982 0.89 11.327 2.148 0 11.15 2.4 0 11.4 2.145 0 11.327 2.325 -0.821 11.4 1.982 -0.918 11.15 2.217 -0.89 11.327 2.148 -1.697 11.15 1.697 -1.517 11.4 1.517 -1.644 11.327 1.644 -2.217 11.15 0.918 -1.982 11.4 0.821 -2.148 11.327 0.89 -2.4 11.15 0 -2.145 11.4 0 -2.325 11.327 0 -2.217 11.15 -0.918 -1.982 11.4 -0.821 -2.148 11.327 -0.89 -1.517 11.4 -1.517 -1.697 11.15 -1.697 -1.644 11.327 -1.644 -0.918 11.15 -2.217 -0.821 11.4 -1.982 -0.89 11.327 -2.148 0 11.15 -2.4 0 11.4 -2.145 0 11.327 -2.325 1.063 11.4 1.014 1.164 11.4 0 1.063 11.4 -1.014 0 11.4 1.097 0 11.4 0 0 11.4 -1.097 -1.063 11.4 1.014 -1.164 11.4 0 -1.063 11.4 -1.014 0 9.73 -2.4 0 9.58 -2.553 0 9.624 -2.445 -0.977 9.58 -2.359 -0.918 9.73 -2.217 -0.936 9.624 -2.259 -1.805 9.58 -1.805 -1.697 9.73 -1.697 -1.729 9.624 -1.729 -2.359 9.58 -0.977 -2.217 9.73 -0.918 -2.259 9.624 -0.936 -2.553 9.58 0 -2.4 9.73 0 -2.445 9.624 0 -2.359 9.58 0.977 -2.217 9.73 0.918 -2.259 9.624 0.936 -1.805 9.58 1.805 -1.697 9.73 1.697 -1.729 9.624 1.729 -0.977 9.58 2.359 -0.918 9.73 2.217 -0.936 9.624 2.259 0 9.58 2.553 0 9.73 2.4 0 9.624 2.445 0.977 9.58 2.359 0.918 9.73 2.217 0.936 9.624 2.259 1.805 9.58 1.805 1.697 9.73 1.697 1.729 9.624 1.729 2.359 9.58 0.977 2.217 9.73 0.918 2.259 9.624 0.936 2.553 9.58 0 2.4 9.73 0 2.445 9.624 0 2.359 9.58 -0.977 2.217 9.73 -0.918 2.259 9.624 -0.936 1.805 9.58 -1.805 1.697 9.73 -1.697 1.729 9.624 -1.729 0.977 9.58 -2.359 0.918 9.73 -2.217 0.936 9.624 -2.259</float_array>
					<technique_common>
						<accessor source="#3005-mesh-positions-array" count="153" stride="3">
							<param name="X" type="float"/>
							<param name="Y" type="float"/>
							<param name="Z" type="float"/>
						</accessor>
					</technique_common>
				</source>
				<source id="3005-mesh-map-0">
					<float_array id="3005-mesh-map-0-array" count="1320">0.077 0.338 0.077 0.007 0.34 0.338 0.077 0.007 0.34 0.007 0.34 0.338 0.617 0.351 0.617 0.682 0.354 0.351 0.617 0.682 0.354 0.682 0.354 0.351 0.34 0.351 0.34 0.682 0.077 0.351 0.34 0.682 0.077 0.682 0.077 0.351 0.354 0.338 0.354 0.007 0.617 0.338 0.354 0.007 0.617 0.007 0.617 0.338 0.63 0.295 0.894 0.295 0.63 0.569 0.894 0.295 0.894 0.569 0.63 0.569 0.63 0.007 0.682 0.061 0.63 0.281 0.682 0.061 0.682 0.227 0.63 0.281 0.894 0.007 0.842 0.061 0.63 0.007 0.842 0.061 0.682 0.061 0.63 0.007 0.842 0.061 0.894 0.007 0.842 0.227 0.894 0.007 0.894 0.281 0.842 0.227 0.63 0.281 0.682 0.227 0.894 0.281 0.682 0.227 0.842 0.227 0.894 0.281 0.25 0.993 0.25 0.696 0.41 0.993 0.25 0.696 0.41 0.696 0.41 0.993 0.63 0.879 0.63 0.582 0.79 0.879 0.63 0.582 0.79 0.582 0.79 0.879 0.077 0.993 0.077 0.696 0.237 0.993 0.077 0.696 0.237 0.696 0.237 0.993 0.963 0.582 0.963 0.879 0.803 0.582 0.963 0.879 0.803 0.879 0.803 0.582 0.582 0.696 0.582 0.862 0.423 0.696 0.582 0.862 0.423 0.862 0.423 0.696 0.000834 0.000692 0.000735 0.000712 0.000853 0.000603 0.000735 0.000712 0.000746 0.000602 0.000853 0.000603 0.000367 0.000707 0.000425 0.000796 0.000154 0.000801 0.000425 0.000796 0.000264 0.000962 0.000154 0.000801 0.000495 0.000602 0.000389 0.000602 0.000506 0.000493 0.000389 0.000602 0.000407 0.000514 0.000506 0.000493 0.00062 0.000484 0.000506 0.000493 0.00062 0.00037 0.000506 0.000493 0.000531 0.000388 0.00062 0.00037 0.000456 0.000765 0.000407 0.00069 0.000531 0.000816 0.000407 0.00069 0.000506 0.000712 0.000531 0.000816 0.00062 0.000835 0.00062 0.000721 0.000709 0.000817 0.00062 0.000721 0.000735 0.000712 0.000709 0.000817 0.000506 0.000493 0.000407 0.000514 0.000531 0.000388 0.000407 0.000514 0.000456 0.000439 0.000531 0.000388 0.000835 0.000513 0.000735 0.000492 0.000785 0.000438 0.000735 0.000492 0.000709 0.000387 0.000785 0.000438 0.000531 0.000816 0.000506 0.000712 0.00062 0.000835 0.000506 0.000712 0.00062 0.000721 0.00062 0.000835 0.000506 0.000712 0.000407 0.00069 0.000495 0.000602 0.000407 0.00069 0.000389 0.000602 0.000495 0.000602 0.000709 0.000817 0.000735 0.000712 0.000783 0.000766 0.000735 0.000712 0.000834 0.000692 0.000783 0.000766 0.000853 0.000603 0.000746 0.000602 0.000835 0.000513 0.000746 0.000602 0.000735 0.000492 0.000835 0.000513 0.000735 0.000492 0.00062 0.000484 0.000709 0.000387 0.00062 0.000484 0.00062 0.00037 0.000709 0.000387 0.000813 0.000797 0.000798 0.000781 0.000874 0.000709 0.000798 0.000781 0.000854 0.0007 0.000874 0.000709 0.000798 0.000781 0.000783 0.000766 0.000854 0.0007 0.000783 0.000766 0.000834 0.000692 0.000854 0.0007 0.000897 0.000604 0.000874 0.000603 0.000876 0.000497 0.000874 0.000603 0.000856 0.000505 0.000876 0.000497 0.000874 0.000603 0.000853 0.000603 0.000856 0.000505 0.000853 0.000603 0.000835 0.000513 0.000856 0.000505 0.000514 0.000348 0.000523 0.000369 0.000426 0.000408 0.000523 0.000369 0.000441 0.000424 0.000426 0.000408 0.000523 0.000369 0.000531 0.000388 0.000441 0.000424 0.000531 0.000388 0.000456 0.000439 0.000441 0.000424 0.000876 0.000497 0.000856 0.000505 0.000816 0.000407 0.000856 0.000505 0.0008 0.000422 0.000816 0.000407 0.000856 0.000505 0.000835 0.000513 0.0008 0.000422 0.000835 0.000513 0.000785 0.000438 0.0008 0.000422 0.000816 0.000407 0.0008 0.000422 0.000726 0.000347 0.0008 0.000422 0.000717 0.000367 0.000726 0.000347 0.0008 0.000422 0.000785 0.000438 0.000717 0.000367 0.000785 0.000438 0.000709 0.000387 0.000717 0.000367 0.000426 0.000408 0.000441 0.000424 0.000367 0.000497 0.000441 0.000424 0.000387 0.000506 0.000367 0.000497 0.000441 0.000424 0.000456 0.000439 0.000387 0.000506 0.000456 0.000439 0.000407 0.000514 0.000387 0.000506 0.000367 0.000497 0.000387 0.000506 0.000346 0.000602 0.000387 0.000506 0.000368 0.000602 0.000346 0.000602 0.000387 0.000506 0.000407 0.000514 0.000368 0.000602 0.000407 0.000514 0.000389 0.000602 0.000368 0.000602 0.000425 0.000796 0.000441 0.00078 0.000513 0.000857 0.000441 0.00078 0.000522 0.000836 0.000513 0.000857 0.000441 0.00078 0.000456 0.000765 0.000522 0.000836 0.000456 0.000765 0.000531 0.000816 0.000522 0.000836 0.000726 0.000347 0.000717 0.000367 0.00062 0.000326 0.000717 0.000367 0.00062 0.000349 0.00062 0.000326 0.000717 0.000367 0.000709 0.000387 0.00062 0.000349 0.000709 0.000387 0.00062 0.00037 0.00062 0.000349 0.00062 0.000326 0.00062 0.000349 0.000514 0.000348 0.00062 0.000349 0.000523 0.000369 0.000514 0.000348 0.00062 0.000349 0.00062 0.00037 0.000523 0.000369 0.00062 0.00037 0.000531 0.000388 0.000523 0.000369 0.000346 0.000602 0.000368 0.000602 0.000367 0.000707 0.000368 0.000602 0.000387 0.000699 0.000367 0.000707 0.000368 0.000602 0.000389 0.000602 0.000387 0.000699 0.000389 0.000602 0.000407 0.00069 0.000387 0.000699 0.000367 0.000707 0.000387 0.000699 0.000425 0.000796 0.000387 0.000699 0.000441 0.00078 0.000425 0.000796 0.000387 0.000699 0.000407 0.00069 0.000441 0.00078 0.000407 0.00069 0.000456 0.000765 0.000441 0.00078 0.000513 0.000857 0.000522 0.000836 0.000619 0.00088 0.000522 0.000836 0.00062 0.000857 0.000619 0.00088 0.000522 0.000836 0.000531 0.000816 0.00062 0.000857 0.000531 0.000816 0.00062 0.000835 0.00062 0.000857 0.000874 0.000709 0.000854 0.0007 0.000897 0.000604 0.000854 0.0007 0.000874 0.000603 0.000897 0.000604 0.000854 0.0007 0.000834 0.000692 0.000874 0.000603 0.000834 0.000692 0.000853 0.000603 0.000874 0.000603 0.000619 0.00088 0.00062 0.000857 0.000725 0.000857 0.00062 0.000857 0.000717 0.000837 0.000725 0.000857 0.00062 0.000857 0.00062 0.000835 0.000717 0.000837 0.00062 0.000835 0.000709 0.000817 0.000717 0.000837 0.000725 0.000857 0.000717 0.000837 0.000813 0.000797 0.000717 0.000837 0.000798 0.000781 0.000813 0.000797 0.000717 0.000837 0.000709 0.000817 0.000798 0.000781 0.000709 0.000817 0.000783 0.000766 0.000798 0.000781 0.000746 0.000602 0.00062 0.000602 0.000735 0.000492 0.00062 0.000602 0.00062 0.000484 0.000735 0.000492 0.00062 0.000602 0.000495 0.000602 0.00062 0.000484 0.000495 0.000602 0.000506 0.000493 0.00062 0.000484 0.000735 0.000712 0.00062 0.000721 0.000746 0.000602 0.00062 0.000721 0.00062 0.000602 0.000746 0.000602 0.00062 0.000721 0.000506 0.000712 0.00062 0.000602 0.000506 0.000712 0.000495 0.000602 0.00062 0.000602 0.000426 0.001068 0.000617 0.001107 0.000417 0.00109 0.000617 0.001107 0.000616 0.001131 0.000417 0.00109 0.000417 0.00109 0.000616 0.001131 0.000408 0.001113 0.000616 0.001131 0.000615 0.001156 0.000408 0.001113 0.000264 0.000962 0.000426 0.001068 0.000248 0.000979 0.000426 0.001068 0.000417 0.00109 0.000248 0.000979 0.000248 0.000979 0.000417 0.00109 0.00023 0.000996 0.000417 0.00109 0.000408 0.001113 0.00023 0.000996 0.000154 0.000801 0.000264 0.000962 0.000131 0.000811 0.000264 0.000962 0.000248 0.000979 0.000131 0.000811 0.000131 0.000811 0.000248 0.000979 0.000109 0.00082 0.000248 0.000979 0.00023 0.000996 0.000109 0.00082 0.000112 0.000609 0.000154 0.000801 0.000087 0.00061 0.000154 0.000801 0.000131 0.000811 0.000087 0.00061 0.000087 0.00061 0.000131 0.000811 0.000062 0.00061 0.000131 0.000811 0.000109 0.00082 0.000062 0.00061 0.000146 0.000414 0.000112 0.000609 0.000123 0.000405 0.000112 0.000609 0.000087 0.00061 0.000123 0.000405 0.000123 0.000405 0.000087 0.00061 0.0001 0.000396 0.000087 0.00061 0.000062 0.00061 0.0001 0.000396 0.000252 0.000246 0.000146 0.000414 0.000234 0.000229 0.000146 0.000414 0.000123 0.000405 0.000234 0.000229 0.000234 0.000229 0.000123 0.000405 0.000216 0.000212 0.000123 0.000405 0.0001 0.000396 0.000216 0.000212 0.000415 0.000131 0.000252 0.000246 0.000405 0.000108 0.000252 0.000246 0.000234 0.000229 0.000405 0.000108 0.000405 0.000108 0.000234 0.000229 0.000395 0.000085 0.000234 0.000229 0.000216 0.000212 0.000395 0.000085 0.000611 0.000087 0.000415 0.000131 0.000611 0.000062 0.000415 0.000131 0.000405 0.000108 0.000611 0.000062 0.000611 0.000062 0.000405 0.000108 0.00061 0.000036 0.000405 0.000108 0.000395 0.000085 0.00061 0.000036 0.00081 0.000121 0.000611 0.000087 0.000819 0.000098 0.000611 0.000087 0.000611 0.000062 0.000819 0.000098 0.000819 0.000098 0.000611 0.000062 0.000829 0.000074 0.000611 0.000062 0.00061 0.000036 0.000829 0.000074 0.000982 0.00023 0.00081 0.000121 0.000999 0.000212 0.00081 0.000121 0.000819 0.000098 0.000999 0.000212 0.000999 0.000212 0.000819 0.000098 0.001017 0.000193 0.000819 0.000098 0.000829 0.000074 0.001017 0.000193 0.001099 0.000397 0.000982 0.00023 0.001123 0.000387 0.000982 0.00023 0.000999 0.000212 0.001123 0.000387 0.001123 0.000387 0.000999 0.000212 0.001147 0.000377 0.000999 0.000212 0.001017 0.000193 0.001147 0.000377 0.001143 0.000599 0.001099 0.000397 0.001169 0.000598 0.001099 0.000397 0.001123 0.000387 0.001169 0.000598 0.001169 0.000598 0.001123 0.000387 0.001195 0.000598 0.001123 0.000387 0.001147 0.000377 0.001195 0.000598 0.001105 0.000803 0.001143 0.000599 0.001129 0.000813 0.001143 0.000599 0.001169 0.000598 0.001129 0.000813 0.001129 0.000813 0.001169 0.000598 0.001154 0.000823 0.001169 0.000598 0.001195 0.000598 0.001154 0.000823 0.00099 0.000975 0.001105 0.000803 0.001007 0.000994 0.001105 0.000803 0.001129 0.000813 0.001007 0.000994 0.001007 0.000994 0.001129 0.000813 0.001025 0.001013 0.001129 0.000813 0.001154 0.000823 0.001025 0.001013 0.000814 0.001079 0.00099 0.000975 0.000822 0.001103 0.00099 0.000975 0.001007 0.000994 0.000822 0.001103 0.000822 0.001103 0.001007 0.000994 0.00083 0.001127 0.001007 0.000994 0.001025 0.001013 0.00083 0.001127 0.000617 0.001107 0.000814 0.001079 0.000616 0.001131 0.000814 0.001079 0.000822 0.001103 0.000616 0.001131 0.000616 0.001131 0.000822 0.001103 0.000615 0.001156 0.000822 0.001103 0.00083 0.001127 0.000615 0.001156 0.000816 0.000407 0.000726 0.000347 0.000982 0.00023 0.000726 0.000347 0.00081 0.000121 0.000982 0.00023 0.000425 0.000796 0.000513 0.000857 0.000264 0.000962 0.000513 0.000857 0.000426 0.001068 0.000264 0.000962 0.000726 0.000347 0.00062 0.000326 0.00081 0.000121 0.00062 0.000326 0.000611 0.000087 0.00081 0.000121 0.000617 0.001107 0.000619 0.00088 0.000814 0.001079 0.000619 0.00088 0.000725 0.000857 0.000814 0.001079 0.000513 0.000857 0.000619 0.00088 0.000426 0.001068 0.000619 0.00088 0.000617 0.001107 0.000426 0.001068 0.00062 0.000326 0.000514 0.000348 0.000611 0.000087 0.000514 0.000348 0.000415 0.000131 0.000611 0.000087 0.000814 0.001079 0.000725 0.000857 0.00099 0.000975 0.000725 0.000857 0.000813 0.000797 0.00099 0.000975 0.000514 0.000348 0.000426 0.000408 0.000415 0.000131 0.000426 0.000408 0.000252 0.000246 0.000415 0.000131 0.000813 0.000797 0.000874 0.000709 0.00099 0.000975 0.000874 0.000709 0.001105 0.000803 0.00099 0.000975 0.000426 0.000408 0.000367 0.000497 0.000252 0.000246 0.000367 0.000497 0.000146 0.000414 0.000252 0.000246 0.000874 0.000709 0.000897 0.000604 0.001105 0.000803 0.000897 0.000604 0.001143 0.000599 0.001105 0.000803 0.000367 0.000497 0.000346 0.000602 0.000146 0.000414 0.000346 0.000602 0.000112 0.000609 0.000146 0.000414 0.000897 0.000604 0.000876 0.000497 0.001143 0.000599 0.000876 0.000497 0.001099 0.000397 0.001143 0.000599 0.000346 0.000602 0.000367 0.000707 0.000112 0.000609 0.000367 0.000707 0.000154 0.000801 0.000112 0.000609 0.000876 0.000497 0.000816 0.000407 0.001099 0.000397 0.000816 0.000407 0.000982 0.00023 0.001099 0.000397</float_array>
					<technique_common>
						<accessor source="#3005-mesh-map-0-array" count="660" stride="2">
							<param name="S" type="float"/>
							<param name="T" type="float"/>
						</accessor>
					</technique_common>
				</source>
				<source id="3005-mesh-map-1">
					<float_array id="3005-mesh-map-1-array" count="1320">0.976 0.216 0.976 0.79 0.738 0.216 0.976 0.79 0.738 0.79 0.738 0.216 0.5 0.79 0.5 0.216 0.738 0.79 0.5 0.216 0.738 0.216 0.738 0.79 0.5 0.216 0.5 0.79 0.262 0.216 0.5 0.79 0.262 0.79 0.262 0.216 0.262 0.216 0.262 0.79 0.024 0.216 0.262 0.79 0.024 0.79 0.024 0.216 0 0 0 0 0 0 0 0 0 0 0 0 0 0 0 0 0 0 0 0 0 0 0 0 0 0 0 0 0 0 0 0 0 0 0 0 0 0 0 0 0 0 0 0 0 0 0 0 0 0 0 0 0 0 0 0 0 0 0 0 0 0 0 0 0 0 0 0 0 0 0 0 0 0 0 0 0 0 0 0 0 0 0 0 0 0 0 0 0 0 0 0 0 0 0 0 0 0 0 0 0 0 0 0 0 0 0 0 0 0 0 0 0 0 0 0 0 0 0 0 0 0 0 0 0 0 0 0 0 0 0 0 0 0 0 0 0 0 0 0 0 0 0 0 0 0 0 0 0 0 0 0 0 0 0 0 0 0 0 0 0 0 0 0 0 0 0 0 0 0 0 0 0 0 0 0 0 0 0 0 0 0 0 0 0 0 0 0 0 0 0 0 0 0 0 0 0 0 0 0 0 0 0 0 0 0 0 0 0 0 0 0 0 0 0 0 0 0 0 0 0 0 0 0 0 0 0 0 0 0 0 0 0 0 0 0 0 0 0 0 0 0 0 0 0 0 0 0 0 0 0 0 0 0 0 0 0 0 0 0 0 0 0 0 0 0 0 0 0 0 0 0 0 0 0 0 0 0 0 0 0 0 0 0 0 0 0 0 0 0 0 0 0 0 0 0 0 0 0 0 0 0 0 0 0 0 0 0 0 0 0 0 0 0 0 0 0 0 0 0 0 0 0 0 0 0 0 0 0 0 0 0 0 0 0 0 0 0 0 0 0 0 0 0 0 0 0 0 0 0 0 0 0 0 0 0 0 0 0 0 0 0 0 0 0 0 0 0 0 0 0 0 0 0 0 0 0 0 0 0 0 0 0 0 0 0 0 0 0 0 0 0 0 0 0 0 0 0 0 0 0 0 0 0 0 0 0 0 0 0 0 0 0 0 0 0 0 0 0 0 0 0 0 0 0 0 0 0 0 0 0 0 0 0 0 0 0 0 0 0 0 0 0 0 0 0 0 0 0 0 0 0 0 0 0 0 0 0 0 0 0 0 0 0 0 0 0 0 0 0 0 0 0 0 0 0 0 0 0 0 0 0 0 0 0 0 0 0 0 0 0 0 0 0 0 0 0 0 0 0 0 0 0 0 0 0 0 0 0 0 0 0 0 0 0 0 0 0 0 0 0 0 0 0 0 0 0 0 0 0 0 0 0 0 0 0 0 0 0 0 0 0 0 0 0 0 0 0 0 0 0 0 0 0 0 0 0 0 0 0 0 0 0 0 0 0 0 0 0 0 0 0 0 0 0 0 0 0 0 0 0 0 0 0 0 0 0 0 0 0 0 0 0 0 0 0 0 0 0 0 0 0 0 0 0 0 0 0 0 0 0 0 0 0 0 0 0 0 0 0 0 0 0 0 0 0 0 0 0 0 0 0 0 0 0 0 0 0 0 0 0 0 0 0 0 0 0 0 0 0 0 0 0 0 0 0 0 0 0 0 0 0 0 0 0 0 0 0 0 0 0 0 0 0 0 0 0 0 0 0 0 0 0 0 0 0 0 0 0 0 0 0 0 0 0 0 0 0 0 0 0 0 0 0 0 0 0 0 0 0 0 0 0 0 0 0 0 0 0 0 0 0 0 0 0 0 0 0 0 0 0 0 0 0 0 0 0 0 0 0 0 0 0 0 0 0 0 0 0 0 0 0 0 0 0 0 0 0 0 0 0 0 0 0 0 0 0 0 0 0 0 0 0 0 0 0 0 0 0 0 0 0 0 0 0 0 0 0 0 0 0 0 0 0 0 0 0 0 0 0 0 0 0 0 0 0 0 0 0 0 0 0 0 0 0 0 0 0 0 0 0 0 0 0 0 0 0 0 0 0 0 0 0 0 0 0 0 0 0 0 0 0 0 0 0 0 0 0 0 0 0 0 0 0 0 0 0 0 0 0 0 0 0 0 0 0 0 0 0 0 0 0 0 0 0 0 0 0 0 0 0 0 0 0 0 0 0 0 0 0 0 0 0 0 0 0 0 0 0 0 0 0 0 0 0 0 0 0 0 0 0 0 0 0 0 0 0 0 0 0 0 0 0 0 0 0 0 0 0 0 0 0 0 0 0 0 0 0 0 0 0 0 0 0 0 0 0 0 0 0 0 0 0 0 0 0 0 0 0 0 0 0 0 0 0 0 0 0 0 0 0 0 0 0 0 0 0 0 0 0 0 0 0 0 0 0 0 0 0 0 0 0 0 0 0 0 0 0 0 0 0 0 0 0 0 0 0 0 0 0 0 0 0 0 0 0 0 0 0 0 0 0 0 0 0 0 0 0 0 0 0 0 0 0 0 0 0 0 0 0 0 0 0 0 0 0 0 0 0 0 0 0 0 0 0 0 0 0 0 0 0 0 0 0 0 0 0 0 0 0 0 0 0 0 0 0 0 0 0 0 0 0 0 0 0 0 0 0 0 0 0 0 0 0 0 0 0 0 0 0 0 0 0 0 0 0 0 0 0 0 0 0 0 0 0 0 0 0 0 0 0 0 0 0 0 0 0 0 0 0 0 0 0 0 0 0 0 0 0 0 0 0 0 0 0 0 0 0 0 0 0 0 0 0 0 0 0 0 0 0 0 0 0 0 0 0 0 0 0 0 0 0 0 0 0 0 0 0 0 0 0 0 0 0 0 0 0 0 0 0 0 0 0 0 0 0 0 0 0 0 0 0 0 0 0 0 0 0 0 0 0 0 0 0 0 0 0 0 0 0 0 0 0 0 0 0 0 0 0 0 0 0 0 0 0 0 0 0 0 0 0 0 0 0 0 0 0 0 0 0 0 0 0 0 0 0 0 0 0 0 0 0 0 0 0 0 0 0 0 0 0 0</float_array>
					<technique_common>
						<accessor source="#3005-mesh-map-1-array" count="660" stride="2">
							<param name="S" type="float"/>
							<param name="T" type="float"/>
						</accessor>
					</technique_common>
				</source>
				<source id="3005-mesh-map-2">
					<float_array id="3005-mesh-map-2-array" count="1320">0 0 0 0 0 0 0 0 0 0 0 0 0 0 0 0 0 0 0 0 0 0 0 0 0 0 0 0 0 0 0 0 0 0 0 0 0 0 0 0 0 0 0 0 0 0 0 0 0 0 0 0 0 0 0 0 0 0 0 0 0.012 0.032 0.197 0.216 0.012 0.968 0.197 0.216 0.197 0.784 0.012 0.968 0.968 0.012 0.784 0.197 0.032 0.012 0.784 0.197 0.216 0.197 0.032 0.012 0.803 0.216 0.988 0.032 0.803 0.784 0.988 0.032 0.988 0.968 0.803 0.784 0.032 0.988 0.216 0.803 0.968 0.988 0.216 0.803 0.784 0.803 0.968 0.988 0 0 0 0 0 0 0 0 0 0 0 0 0 0 0 0 0 0 0 0 0 0 0 0 0 0 0 0 0 0 0 0 0 0 0 0 0 0 0 0 0 0 0 0 0 0 0 0 0.784 0.216 0.784 0.784 0.216 0.216 0.784 0.784 0.216 0.784 0.216 0.216 0 0 0 0 0 0 0 0 0 0 0 0 0 0 0 0 0 0 0 0 0 0 0 0 0 0 0 0 0 0 0 0 0 0 0 0 0 0 0 0 0 0 0 0 0 0 0 0 0 0 0 0 0 0 0 0 0 0 0 0 0 0 0 0 0 0 0 0 0 0 0 0 0 0 0 0 0 0 0 0 0 0 0 0 0 0 0 0 0 0 0 0 0 0 0 0 0 0 0 0 0 0 0 0 0 0 0 0 0 0 0 0 0 0 0 0 0 0 0 0 0 0 0 0 0 0 0 0 0 0 0 0 0 0 0 0 0 0 0 0 0 0 0 0 0 0 0 0 0 0 0 0 0 0 0 0 0 0 0 0 0 0 0 0 0 0 0 0 0 0 0 0 0 0 0 0 0 0 0 0 0 0 0 0 0 0 0 0 0 0 0 0 0 0 0 0 0 0 0 0 0 0 0 0 0 0 0 0 0 0 0 0 0 0 0 0 0 0 0 0 0 0 0 0 0 0 0 0 0 0 0 0 0 0 0 0 0 0 0 0 0 0 0 0 0 0 0 0 0 0 0 0 0 0 0 0 0 0 0 0 0 0 0 0 0 0 0 0 0 0 0 0 0 0 0 0 0 0 0 0 0 0 0 0 0 0 0 0 0 0 0 0 0 0 0 0 0 0 0 0 0 0 0 0 0 0 0 0 0 0 0 0 0 0 0 0 0 0 0 0 0 0 0 0 0 0 0 0 0 0 0 0 0 0 0 0 0 0 0 0 0 0 0 0 0 0 0 0 0 0 0 0 0 0 0 0 0 0 0 0 0 0 0 0 0 0 0 0 0 0 0 0 0 0 0 0 0 0 0 0 0 0 0 0 0 0 0 0 0 0 0 0 0 0 0 0 0 0 0 0 0 0 0 0 0 0 0 0 0 0 0 0 0 0 0 0 0 0 0 0 0 0 0 0 0 0 0 0 0 0 0 0 0 0 0 0 0 0 0 0 0 0 0 0 0 0 0 0 0 0 0 0 0 0 0 0 0 0 0 0 0 0 0 0 0 0 0 0 0 0 0 0 0 0 0 0 0 0 0 0 0 0 0 0 0 0 0 0 0 0 0 0 0 0 0 0 0 0 0 0 0 0 0 0 0 0 0 0 0 0 0 0 0 0 0 0 0 0 0 0 0 0 0 0 0 0 0 0 0 0 0 0 0 0 0 0 0 0 0 0 0 0 0 0 0 0 0 0 0 0 0 0 0 0 0 0 0 0 0 0 0 0 0 0 0 0 0 0 0 0 0 0 0 0 0 0 0 0 0 0 0 0 0 0 0 0 0 0 0 0 0 0 0 0 0 0 0 0 0 0 0 0 0 0 0 0 0 0 0 0 0 0 0 0 0 0 0 0 0 0 0 0 0 0 0 0 0 0 0 0 0 0 0 0 0 0 0 0 0 0 0 0 0 0 0 0 0 0 0 0 0 0 0 0 0 0 0 0 0 0 0 0 0 0 0 0 0 0 0 0 0 0 0 0 0 0 0 0 0 0 0 0 0 0 0 0 0 0 0 0 0 0 0 0 0 0 0 0 0 0 0 0 0 0 0 0 0 0 0 0 0 0 0 0 0 0 0 0 0 0 0 0 0 0 0 0 0 0 0 0 0 0 0 0 0 0 0 0 0 0 0 0 0 0 0 0 0 0 0 0 0 0 0 0 0 0 0 0 0 0 0 0 0 0 0 0 0 0 0 0 0 0 0 0 0 0 0 0 0 0 0 0 0 0 0 0 0 0 0 0 0 0 0 0 0 0 0 0 0 0 0 0 0 0 0 0 0 0 0 0 0 0 0 0 0 0 0 0 0 0 0 0 0 0 0 0 0 0 0 0 0 0 0 0 0 0 0 0 0 0 0 0 0 0 0 0 0 0 0 0 0 0 0 0 0 0 0 0 0 0 0 0 0 0 0 0 0 0 0 0 0 0 0 0 0 0 0 0 0 0 0 0 0 0 0 0 0 0 0 0 0 0 0 0 0 0 0 0 0 0 0 0 0 0 0 0 0 0 0 0 0 0 0 0 0 0 0 0 0 0 0 0 0 0 0 0 0 0 0 0 0 0 0 0 0 0 0 0 0 0 0 0 0 0 0 0 0 0 0 0 0 0 0 0 0 0 0 0 0 0 0 0 0 0 0 0 0 0 0 0 0 0 0 0 0 0 0 0 0 0 0 0 0 0 0 0 0 0 0 0 0 0 0 0 0 0 0 0 0 0 0 0 0 0 0 0 0 0 0 0 0 0 0 0 0 0 0 0 0 0 0 0 0 0 0 0 0 0 0 0 0 0 0 0 0 0 0 0 0 0 0 0 0 0 0 0 0 0 0 0 0 0 0 0 0 0 0 0 0 0 0 0 0 0 0 0 0 0 0 0 0 0 0 0 0 0 0 0 0 0 0 0 0 0 0 0 0 0 0 0 0 0 0 0 0 0 0 0 0 0 0 0 0 0 0 0 0 0 0 0 0 0 0 0 0 0 0 0 0 0 0 0 0 0 0 0 0 0 0 0 0 0 0 0 0 0 0 0 0 0 0 0 0 0 0 0 0 0 0 0 0 0</float_array>
					<technique_common>
						<accessor source="#3005-mesh-map-2-array" count="660" stride="2">
							<param name="S" type="float"/>
							<param name="T" type="float"/>
						</accessor>
					</technique_common>
				</source>
				<vertices id="3005-mesh-vertices">
					<input semantic="POSITION" source="#3005-mesh-positions"/>
				</vertices>
				<triangles material="MB|5-material" count="220">
					<input semantic="VERTEX" source="#3005-mesh-vertices" offset="0"/>
					<input semantic="TEXCOORD" source="#3005-mesh-map-0" offset="1" set="0"/>
					<input semantic="TEXCOORD" source="#3005-mesh-map-1" offset="1" set="1"/>
					<input semantic="TEXCOORD" source="#3005-mesh-map-2" offset="1" set="2"/>
					<p>19 0 26 1 23 2 26 3 24 4 23 5 28 6 21 7 25 8 21 9 22 10 25 11 20 12 29 13 17 14 29 15 30 16 17 17 16 18 31 19 18 20 31 21 27 22 18 23 5 24 6 25 4 26 6 27 7 28 4 29 3 30 32 31 2 32 32 33 34 34 2 35 0 36 36 37 3 38 36 39 32 40 3 41 36 42 0 43 38 44 0 45 1 46 38 47 2 48 34 49 1 50 34 51 38 52 1 53 35 54 42 55 39 56 42 57 40 58 39 59 10 60 41 61 37 62 41 63 44 64 37 65 11 66 45 67 33 68 45 69 46 70 33 71 8 72 47 73 9 74 47 75 43 76 9 77 12 78 13 79 15 80 13 81 14 82 15 83 55 84 98 85 57 86 98 87 97 88 57 89 84 90 88 91 115 92 88 93 112 94 115 95 103 96 82 97 102 98 82 99 79 100 102 101 99 102 102 103 70 104 102 105 72 106 70 107 87 108 85 109 91 110 85 111 104 112 91 113 94 114 101 115 49 116 101 117 98 118 49 119 102 120 79 121 72 122 79 123 76 124 72 125 61 126 96 127 64 128 96 129 67 130 64 131 91 132 104 133 94 134 104 135 101 136 94 137 104 138 85 139 103 140 85 141 82 142 103 143 49 144 98 145 51 146 98 147 55 148 51 149 57 150 97 151 61 152 97 153 96 154 61 155 96 156 99 157 67 158 99 159 70 160 67 161 52 162 53 163 54 164 53 165 56 166 54 167 53 168 51 169 56 170 51 171 55 172 56 173 58 174 59 175 60 176 59 177 62 178 60 179 59 180 57 181 62 182 57 183 61 184 62 185 73 186 74 187 75 188 74 189 77 190 75 191 74 192 72 193 77 194 72 195 76 196 77 197 60 198 62 199 63 200 62 201 65 202 63 203 62 204 61 205 65 206 61 207 64 208 65 209 63 210 65 211 66 212 65 213 68 214 66 215 65 216 64 217 68 218 64 219 67 220 68 221 75 222 77 223 78 224 77 225 80 226 78 227 77 228 76 229 80 230 76 231 79 232 80 233 78 234 80 235 81 236 80 237 83 238 81 239 80 240 79 241 83 242 79 243 82 244 83 245 88 246 89 247 90 248 89 249 92 250 90 251 89 252 87 253 92 254 87 255 91 256 92 257 66 258 68 259 69 260 68 261 71 262 69 263 68 264 67 265 71 266 67 267 70 268 71 269 69 270 71 271 73 272 71 273 74 274 73 275 71 276 70 277 74 278 70 279 72 280 74 281 81 282 83 283 84 284 83 285 86 286 84 287 83 288 82 289 86 290 82 291 85 292 86 293 84 294 86 295 88 296 86 297 89 298 88 299 86 300 85 301 89 302 85 303 87 304 89 305 90 306 92 307 93 308 92 309 95 310 93 311 92 312 91 313 95 314 91 315 94 316 95 317 54 318 56 319 58 320 56 321 59 322 58 323 56 324 55 325 59 326 55 327 57 328 59 329 93 330 95 331 48 332 95 333 50 334 48 335 95 336 94 337 50 338 94 339 49 340 50 341 48 342 50 343 52 344 50 345 53 346 52 347 50 348 49 349 53 350 49 351 51 352 53 353 97 354 100 355 96 356 100 357 99 358 96 359 100 360 103 361 99 362 103 363 102 364 99 365 98 366 101 367 97 368 101 369 100 370 97 371 101 372 104 373 100 374 104 375 103 376 100 377 109 378 105 379 110 380 105 381 107 382 110 383 110 384 107 385 108 386 107 387 106 388 108 389 112 390 109 391 113 392 109 393 110 394 113 395 113 396 110 397 111 398 110 399 108 400 111 401 115 402 112 403 116 404 112 405 113 406 116 407 116 408 113 409 114 410 113 411 111 412 114 413 118 414 115 415 119 416 115 417 116 418 119 419 119 420 116 421 117 422 116 423 114 424 117 425 121 426 118 427 122 428 118 429 119 430 122 431 122 432 119 433 120 434 119 435 117 436 120 437 124 438 121 439 125 440 121 441 122 442 125 443 125 444 122 445 123 446 122 447 120 448 123 449 127 450 124 451 128 452 124 453 125 454 128 455 128 456 125 457 126 458 125 459 123 460 126 461 130 462 127 463 131 464 127 465 128 466 131 467 131 468 128 469 129 470 128 471 126 472 129 473 133 474 130 475 134 476 130 477 131 478 134 479 134 480 131 481 132 482 131 483 129 484 132 485 136 486 133 487 137 488 133 489 134 490 137 491 137 492 134 493 135 494 134 495 132 496 135 497 139 498 136 499 140 500 136 501 137 502 140 503 140 504 137 505 138 506 137 507 135 508 138 509 142 510 139 511 143 512 139 513 140 514 143 515 143 516 140 517 141 518 140 519 138 520 141 521 145 522 142 523 146 524 142 525 143 526 146 527 146 528 143 529 144 530 143 531 141 532 144 533 148 534 145 535 149 536 145 537 146 538 149 539 149 540 146 541 147 542 146 543 144 544 147 545 151 546 148 547 152 548 148 549 149 550 152 551 152 552 149 553 150 554 149 555 147 556 150 557 105 558 151 559 107 560 151 561 152 562 107 563 107 564 152 565 106 566 152 567 150 568 106 569 63 570 66 571 136 572 66 573 133 574 136 575 88 576 90 577 112 578 90 579 109 580 112 581 66 582 69 583 133 584 69 585 130 586 133 587 105 588 93 589 151 590 93 591 48 592 151 593 90 594 93 595 109 596 93 597 105 598 109 599 69 600 73 601 130 602 73 603 127 604 130 605 151 606 48 607 148 608 48 609 52 610 148 611 73 612 75 613 127 614 75 615 124 616 127 617 52 618 54 619 148 620 54 621 145 622 148 623 75 624 78 625 124 626 78 627 121 628 124 629 54 630 58 631 145 632 58 633 142 634 145 635 78 636 81 637 121 638 81 639 118 640 121 641 58 642 60 643 142 644 60 645 139 646 142 647 81 648 84 649 118 650 84 651 115 652 118 653 60 654 63 655 139 656 63 657 136 658 139 659</p>
				</triangles>
			</mesh>
		</geometry>
		<geometry id="3066-mesh" name="3066">
			<mesh>
				<source id="3066-mesh-positions">
					<float_array id="3066-mesh-positions-array" count="1830">15.96 0.02 3.96 15.96 9.58 3.96 14.4 0.02 2.4 14.4 8.5 2.4 12 9.58 3.96 12 0.02 2.4 12 0.02 3.96 12 8.5 2.4 8 0.02 3.96 8 8.5 2.4 8 9.58 3.96 4 0.02 2.4 4 8.5 2.4 8 0.02 2.4 4 0.02 3.96 4 9.58 3.96 -15.96 0.02 3.96 -15.96 9.58 3.96 -14.4 0.02 2.4 -14.4 8.5 2.4 -12 9.58 3.96 -12 0.02 2.4 -12 0.02 3.96 -12 8.5 2.4 -8 0.02 3.96 -8 8.5 2.4 -8 9.58 3.96 -4 0.02 2.4 -4 8.5 2.4 -8 0.02 2.4 0 0.02 2.4 0 9.58 3.96 0 8.5 2.4 0 0.02 3.96 -4 0.02 3.96 -4 9.58 3.96 15.96 0.02 -3.96 15.96 9.58 -3.96 14.4 0.02 -2.4 14.4 8.5 -2.4 12 9.58 -3.96 12 0.02 -2.4 12 0.02 -3.96 12 8.5 -2.4 8 0.02 -3.96 8 8.5 -2.4 8 9.58 -3.96 4 0.02 -2.4 4 8.5 -2.4 8 0.02 -2.4 4 0.02 -3.96 4 9.58 -3.96 15.96 0.02 0 15.96 9.58 0 14.4 0.02 0 14.4 8.5 0 12 9.58 0 4 8.5 0 12 8.5 0 4 9.58 0 8 9.58 0 8 8.5 0 -15.96 0.02 -3.96 -15.96 9.58 -3.96 -14.4 0.02 -2.4 -14.4 8.5 -2.4 -12 9.58 -3.96 -12 0.02 -2.4 -12 0.02 -3.96 -12 8.5 -2.4 -8 0.02 -3.96 -8 8.5 -2.4 -8 9.58 -3.96 -4 0.02 -2.4 -4 8.5 -2.4 -8 0.02 -2.4 0 0.02 -2.4 0 9.58 -3.96 0 8.5 -2.4 0 0.02 -3.96 -4 0.02 -3.96 -4 9.58 -3.96 0 8.5 0 0 9.58 0 -15.96 0.02 0 -15.96 9.58 0 -14.4 0.02 0 -14.4 8.5 0 -12 9.58 0 -4 8.5 0 -12 8.5 0 -4 9.58 0 -8 9.58 0 -8 8.5 0 15.96 0.02 0 15.96 0.02 3.96 15.96 0.02 3.96 15.96 9.58 3.96 15.96 9.58 3.96 14.4 0.02 2.4 14.4 0.02 2.4 14.4 8.5 2.4 14.4 8.5 2.4 14.4 8.5 0 15.96 9.58 0 14.4 0.02 0 8 9.58 3.96 12 9.58 3.96 12 0.02 3.96 12 8.5 2.4 8 0.02 2.4 4 0.02 2.4 4 0.02 3.96 8 0.02 3.96 0 0.02 2.4 4 8.5 2.4 0 8.5 2.4 4 9.58 3.96 0 0.02 3.96 0 9.58 3.96 8 8.5 2.4 12 0.02 2.4 -15.96 0.02 0 -15.96 0.02 3.96 -15.96 0.02 3.96 -15.96 9.58 3.96 -15.96 9.58 3.96 -14.4 0.02 2.4 -14.4 0.02 2.4 -14.4 8.5 2.4 -14.4 8.5 2.4 -14.4 8.5 0 -15.96 9.58 0 -14.4 0.02 0 -8 9.58 3.96 -12 9.58 3.96 -12 0.02 3.96 -12 8.5 2.4 -8 0.02 2.4 -4 0.02 2.4 -4 0.02 3.96 -8 0.02 3.96 -4 8.5 2.4 -4 9.58 3.96 -8 8.5 2.4 -12 0.02 2.4 15.96 0.02 -3.96 15.96 0.02 -3.96 15.96 9.58 -3.96 15.96 9.58 -3.96 14.4 0.02 -2.4 14.4 0.02 -2.4 14.4 8.5 -2.4 14.4 8.5 -2.4 8 9.58 -3.96 12 9.58 -3.96 12 0.02 -3.96 12 8.5 -2.4 8 0.02 -2.4 4 0.02 -2.4 4 0.02 -3.96 8 0.02 -3.96 0 0.02 -2.4 4 8.5 -2.4 0 8.5 -2.4 4 9.58 -3.96 0 0.02 -3.96 0 9.58 -3.96 8 8.5 -2.4 12 0.02 -2.4 -15.96 0.02 -3.96 -15.96 0.02 -3.96 -15.96 9.58 -3.96 -15.96 9.58 -3.96 -14.4 0.02 -2.4 -14.4 0.02 -2.4 -14.4 8.5 -2.4 -14.4 8.5 -2.4 -8 9.58 -3.96 -12 9.58 -3.96 -12 0.02 -3.96 -12 8.5 -2.4 -8 0.02 -2.4 -4 0.02 -2.4 -4 0.02 -3.96 -8 0.02 -3.96 -4 8.5 -2.4 -4 9.58 -3.96 -8 8.5 -2.4 -12 0.02 -2.4 -11.082 11.15 -2.217 -11.179 11.4 -1.982 -11.11 11.327 -2.148 -10.483 11.4 -1.517 -10.303 11.15 -1.697 -10.356 11.327 -1.644 -9.783 11.15 -0.918 -10.018 11.4 -0.821 -9.852 11.327 -0.89 -9.855 11.4 0 -9.6 11.15 0 -9.675 11.327 0 -9.783 11.15 0.918 -10.018 11.4 0.821 -9.852 11.327 0.89 -10.303 11.15 1.697 -10.483 11.4 1.517 -10.356 11.327 1.644 -11.082 11.15 2.217 -11.179 11.4 1.982 -11.11 11.327 2.148 -12 11.15 2.4 -12 11.4 2.145 -12 11.327 2.325 -12.821 11.4 1.982 -12.918 11.15 2.217 -12.89 11.327 2.148 -13.697 11.15 1.697 -13.517 11.4 1.517 -13.644 11.327 1.644 -14.217 11.15 0.918 -13.982 11.4 0.821 -14.148 11.327 0.89 -14.4 11.15 0 -14.145 11.4 0 -14.325 11.327 0 -14.217 11.15 -0.918 -13.982 11.4 -0.821 -14.148 11.327 -0.89 -13.517 11.4 -1.517 -13.697 11.15 -1.697 -13.644 11.327 -1.644 -12.918 11.15 -2.217 -12.821 11.4 -1.982 -12.89 11.327 -2.148 -12 11.15 -2.4 -12 11.4 -2.145 -12 11.327 -2.325 -10.937 11.4 1.014 -10.836 11.4 0 -10.937 11.4 -1.014 -12 11.4 1.097 -12 11.4 0 -12 11.4 -1.097 -13.063 11.4 1.014 -13.164 11.4 0 -13.063 11.4 -1.014 -12 9.73 -2.4 -12 9.58 -2.553 -12 9.624 -2.445 -12.977 9.58 -2.359 -12.918 9.73 -2.217 -12.936 9.624 -2.259 -13.805 9.58 -1.805 -13.697 9.73 -1.697 -13.729 9.624 -1.729 -14.359 9.58 -0.977 -14.217 9.73 -0.918 -14.259 9.624 -0.936 -14.553 9.58 0 -14.4 9.73 0 -14.445 9.624 0 -14.359 9.58 0.977 -14.217 9.73 0.918 -14.259 9.624 0.936 -13.805 9.58 1.805 -13.697 9.73 1.697 -13.729 9.624 1.729 -12.977 9.58 2.359 -12.918 9.73 2.217 -12.936 9.624 2.259 -12 9.58 2.553 -12 9.73 2.4 -12 9.624 2.445 -11.023 9.58 2.359 -11.082 9.73 2.217 -11.064 9.624 2.259 -10.195 9.58 1.805 -10.303 9.73 1.697 -10.271 9.624 1.729 -9.641 9.58 0.977 -9.783 9.73 0.918 -9.741 9.624 0.936 -9.447 9.58 0 -9.6 9.73 0 -9.555 9.624 0 -9.641 9.58 -0.977 -9.783 9.73 -0.918 -9.741 9.624 -0.936 -10.195 9.58 -1.805 -10.303 9.73 -1.697 -10.271 9.624 -1.729 -11.023 9.58 -2.359 -11.082 9.73 -2.217 -11.064 9.624 -2.259 -3.082 11.15 -2.217 -3.179 11.4 -1.982 -3.11 11.327 -2.148 -2.483 11.4 -1.517 -2.303 11.15 -1.697 -2.356 11.327 -1.644 -1.783 11.15 -0.918 -2.018 11.4 -0.821 -1.852 11.327 -0.89 -1.855 11.4 0 -1.6 11.15 0 -1.675 11.327 0 -1.783 11.15 0.918 -2.018 11.4 0.821 -1.852 11.327 0.89 -2.303 11.15 1.697 -2.483 11.4 1.517 -2.356 11.327 1.644 -3.082 11.15 2.217 -3.179 11.4 1.982 -3.11 11.327 2.148 -4 11.15 2.4 -4 11.4 2.145 -4 11.327 2.325 -4.821 11.4 1.982 -4.918 11.15 2.217 -4.89 11.327 2.148 -5.697 11.15 1.697 -5.517 11.4 1.517 -5.644 11.327 1.644 -6.217 11.15 0.918 -5.982 11.4 0.821 -6.148 11.327 0.89 -6.4 11.15 0 -6.145 11.4 0 -6.325 11.327 0 -6.217 11.15 -0.918 -5.982 11.4 -0.821 -6.148 11.327 -0.89 -5.517 11.4 -1.517 -5.697 11.15 -1.697 -5.644 11.327 -1.644 -4.918 11.15 -2.217 -4.821 11.4 -1.982 -4.89 11.327 -2.148 -4 11.15 -2.4 -4 11.4 -2.145 -4 11.327 -2.325 -2.937 11.4 1.014 -2.836 11.4 0 -2.937 11.4 -1.014 -4 11.4 1.097 -4 11.4 0 -4 11.4 -1.097 -5.063 11.4 1.014 -5.164 11.4 0 -5.063 11.4 -1.014 -4 9.73 -2.4 -4 9.58 -2.553 -4 9.624 -2.445 -4.977 9.58 -2.359 -4.918 9.73 -2.217 -4.936 9.624 -2.259 -5.805 9.58 -1.805 -5.697 9.73 -1.697 -5.729 9.624 -1.729 -6.359 9.58 -0.977 -6.217 9.73 -0.918 -6.259 9.624 -0.936 -6.553 9.58 0 -6.4 9.73 0 -6.445 9.624 0 -6.359 9.58 0.977 -6.217 9.73 0.918 -6.259 9.624 0.936 -5.805 9.58 1.805 -5.697 9.73 1.697 -5.729 9.624 1.729 -4.977 9.58 2.359 -4.918 9.73 2.217 -4.936 9.624 2.259 -4 9.58 2.553 -4 9.73 2.4 -4 9.624 2.445 -3.023 9.58 2.359 -3.082 9.73 2.217 -3.064 9.624 2.259 -2.195 9.58 1.805 -2.303 9.73 1.697 -2.271 9.624 1.729 -1.641 9.58 0.977 -1.783 9.73 0.918 -1.741 9.624 0.936 -1.447 9.58 0 -1.6 9.73 0 -1.555 9.624 0 -1.641 9.58 -0.977 -1.783 9.73 -0.918 -1.741 9.624 -0.936 -2.195 9.58 -1.805 -2.303 9.73 -1.697 -2.271 9.624 -1.729 -3.023 9.58 -2.359 -3.082 9.73 -2.217 -3.064 9.624 -2.259 4.918 11.15 -2.217 4.821 11.4 -1.982 4.89 11.327 -2.148 5.517 11.4 -1.517 5.697 11.15 -1.697 5.644 11.327 -1.644 6.217 11.15 -0.918 5.982 11.4 -0.821 6.148 11.327 -0.89 6.145 11.4 0 6.4 11.15 0 6.325 11.327 0 6.217 11.15 0.918 5.982 11.4 0.821 6.148 11.327 0.89 5.697 11.15 1.697 5.517 11.4 1.517 5.644 11.327 1.644 4.918 11.15 2.217 4.821 11.4 1.982 4.89 11.327 2.148 4 11.15 2.4 4 11.4 2.145 4 11.327 2.325 3.179 11.4 1.982 3.082 11.15 2.217 3.11 11.327 2.148 2.303 11.15 1.697 2.483 11.4 1.517 2.356 11.327 1.644 1.783 11.15 0.918 2.018 11.4 0.821 1.852 11.327 0.89 1.6 11.15 0 1.855 11.4 0 1.675 11.327 0 1.783 11.15 -0.918 2.018 11.4 -0.821 1.852 11.327 -0.89 2.483 11.4 -1.517 2.303 11.15 -1.697 2.356 11.327 -1.644 3.082 11.15 -2.217 3.179 11.4 -1.982 3.11 11.327 -2.148 4 11.15 -2.4 4 11.4 -2.145 4 11.327 -2.325 5.063 11.4 1.014 5.164 11.4 0 5.063 11.4 -1.014 4 11.4 1.097 4 11.4 0 4 11.4 -1.097 2.937 11.4 1.014 2.836 11.4 0 2.937 11.4 -1.014 4 9.73 -2.4 4 9.58 -2.553 4 9.624 -2.445 3.023 9.58 -2.359 3.082 9.73 -2.217 3.064 9.624 -2.259 2.195 9.58 -1.805 2.303 9.73 -1.697 2.271 9.624 -1.729 1.641 9.58 -0.977 1.783 9.73 -0.918 1.741 9.624 -0.936 1.447 9.58 0 1.6 9.73 0 1.555 9.624 0 1.641 9.58 0.977 1.783 9.73 0.918 1.741 9.624 0.936 2.195 9.58 1.805 2.303 9.73 1.697 2.271 9.624 1.729 3.023 9.58 2.359 3.082 9.73 2.217 3.064 9.624 2.259 4 9.58 2.553 4 9.73 2.4 4 9.624 2.445 4.977 9.58 2.359 4.918 9.73 2.217 4.936 9.624 2.259 5.805 9.58 1.805 5.697 9.73 1.697 5.729 9.624 1.729 6.359 9.58 0.977 6.217 9.73 0.918 6.259 9.624 0.936 6.553 9.58 0 6.4 9.73 0 6.445 9.624 0 6.359 9.58 -0.977 6.217 9.73 -0.918 6.259 9.624 -0.936 5.805 9.58 -1.805 5.697 9.73 -1.697 5.729 9.624 -1.729 4.977 9.58 -2.359 4.918 9.73 -2.217 4.936 9.624 -2.259 12.918 11.15 -2.217 12.821 11.4 -1.982 12.89 11.327 -2.148 13.517 11.4 -1.517 13.697 11.15 -1.697 13.644 11.327 -1.644 14.217 11.15 -0.918 13.982 11.4 -0.821 14.148 11.327 -0.89 14.145 11.4 0 14.4 11.15 0 14.325 11.327 0 14.217 11.15 0.918 13.982 11.4 0.821 14.148 11.327 0.89 13.697 11.15 1.697 13.517 11.4 1.517 13.644 11.327 1.644 12.918 11.15 2.217 12.821 11.4 1.982 12.89 11.327 2.148 12 11.15 2.4 12 11.4 2.145 12 11.327 2.325 11.179 11.4 1.982 11.082 11.15 2.217 11.11 11.327 2.148 10.303 11.15 1.697 10.483 11.4 1.517 10.356 11.327 1.644 9.783 11.15 0.918 10.018 11.4 0.821 9.852 11.327 0.89 9.6 11.15 0 9.855 11.4 0 9.675 11.327 0 9.783 11.15 -0.918 10.018 11.4 -0.821 9.852 11.327 -0.89 10.483 11.4 -1.517 10.303 11.15 -1.697 10.356 11.327 -1.644 11.082 11.15 -2.217 11.179 11.4 -1.982 11.11 11.327 -2.148 12 11.15 -2.4 12 11.4 -2.145 12 11.327 -2.325 13.063 11.4 1.014 13.164 11.4 0 13.063 11.4 -1.014 12 11.4 1.097 12 11.4 0 12 11.4 -1.097 10.937 11.4 1.014 10.836 11.4 0 10.937 11.4 -1.014 12 9.73 -2.4 12 9.58 -2.553 12 9.624 -2.445 11.023 9.58 -2.359 11.082 9.73 -2.217 11.064 9.624 -2.259 10.195 9.58 -1.805 10.303 9.73 -1.697 10.271 9.624 -1.729 9.641 9.58 -0.977 9.783 9.73 -0.918 9.741 9.624 -0.936 9.447 9.58 0 9.6 9.73 0 9.555 9.624 0 9.641 9.58 0.977 9.783 9.73 0.918 9.741 9.624 0.936 10.195 9.58 1.805 10.303 9.73 1.697 10.271 9.624 1.729 11.023 9.58 2.359 11.082 9.73 2.217 11.064 9.624 2.259 12 9.58 2.553 12 9.73 2.4 12 9.624 2.445 12.977 9.58 2.359 12.918 9.73 2.217 12.936 9.624 2.259 13.805 9.58 1.805 13.697 9.73 1.697 13.729 9.624 1.729 14.359 9.58 0.977 14.217 9.73 0.918 14.259 9.624 0.936 14.553 9.58 0 14.4 9.73 0 14.445 9.624 0 14.359 9.58 -0.977 14.217 9.73 -0.918 14.259 9.624 -0.936 13.805 9.58 -1.805 13.697 9.73 -1.697 13.729 9.624 -1.729 12.977 9.58 -2.359 12.918 9.73 -2.217 12.936 9.624 -2.259</float_array>
					<technique_common>
						<accessor source="#3066-mesh-positions-array" count="610" stride="3">
							<param name="X" type="float"/>
							<param name="Y" type="float"/>
							<param name="Z" type="float"/>
						</accessor>
					</technique_common>
				</source>
				<source id="3066-mesh-map-0">
					<float_array id="3066-mesh-map-0-array" count="5712">0.451 0.992 0.451 0.585 0.62 0.992 0.451 0.585 0.62 0.585 0.62 0.992 0.516 0.383 0.45 0.383 0.516 0.281 0.45 0.383 0.45 0.214 0.516 0.281 0.619 0.214 0.619 0.281 0.45 0.214 0.619 0.281 0.516 0.281 0.45 0.214 0.141 0.569 0.141 0.208 0.243 0.569 0.141 0.208 0.243 0.208 0.243 0.569 0.027 0.992 0.027 0.631 0.129 0.992 0.027 0.631 0.129 0.631 0.129 0.992 0.992 0.023 0.992 0.192 0.823 0.023 0.992 0.192 0.823 0.192 0.823 0.023 0.62 0.201 0.45 0.201 0.62 0.032 0.45 0.201 0.45 0.032 0.62 0.032 0.62 0.569 0.259 0.569 0.62 0.399 0.259 0.569 0.259 0.399 0.62 0.399 0.806 0.008 0.806 0.074 0.636 0.008 0.806 0.074 0.636 0.074 0.636 0.008 0.267 0.992 0.267 0.585 0.436 0.992 0.267 0.585 0.436 0.585 0.436 0.992 0.264 0.281 0.366 0.281 0.264 0.383 0.366 0.281 0.366 0.383 0.264 0.383 0.822 0.992 0.822 0.585 0.992 0.992 0.822 0.585 0.992 0.585 0.992 0.992 0.636 0.192 0.636 0.09 0.806 0.192 0.636 0.09 0.806 0.09 0.806 0.192 0.822 0.992 0.822 0.585 0.992 0.992 0.822 0.585 0.992 0.585 0.992 0.992 0.636 0.192 0.636 0.09 0.806 0.192 0.636 0.09 0.806 0.09 0.806 0.192 0.62 0.201 0.62 0.032 0.45 0.201 0.62 0.032 0.45 0.032 0.45 0.201 0.62 0.569 0.62 0.399 0.259 0.569 0.62 0.399 0.259 0.399 0.259 0.569 0.806 0.008 0.636 0.008 0.806 0.074 0.636 0.008 0.636 0.074 0.806 0.074 0.636 0.192 0.806 0.192 0.636 0.09 0.806 0.192 0.806 0.09 0.636 0.09 0.822 0.992 0.992 0.992 0.822 0.585 0.992 0.992 0.992 0.585 0.822 0.585 0.806 0.008 0.806 0.074 0.636 0.008 0.806 0.074 0.636 0.074 0.636 0.008 0.62 0.569 0.259 0.569 0.62 0.399 0.259 0.569 0.259 0.399 0.62 0.399 0.62 0.201 0.45 0.201 0.62 0.032 0.45 0.201 0.45 0.032 0.62 0.032 0.451 0.992 0.62 0.992 0.451 0.585 0.62 0.992 0.62 0.585 0.451 0.585 0.516 0.383 0.516 0.281 0.45 0.383 0.516 0.281 0.45 0.214 0.45 0.383 0.619 0.214 0.45 0.214 0.619 0.281 0.45 0.214 0.516 0.281 0.619 0.281 0.141 0.569 0.243 0.569 0.141 0.208 0.243 0.569 0.243 0.208 0.141 0.208 0.027 0.992 0.129 0.992 0.027 0.631 0.129 0.992 0.129 0.631 0.027 0.631 0.992 0.023 0.823 0.023 0.992 0.192 0.823 0.023 0.823 0.192 0.992 0.192 0.62 0.201 0.62 0.032 0.45 0.201 0.62 0.032 0.45 0.032 0.45 0.201 0.62 0.569 0.62 0.399 0.259 0.569 0.62 0.399 0.259 0.399 0.259 0.569 0.806 0.008 0.636 0.008 0.806 0.074 0.636 0.008 0.636 0.074 0.806 0.074 0.267 0.992 0.436 0.992 0.267 0.585 0.436 0.992 0.436 0.585 0.267 0.585 0.264 0.281 0.264 0.383 0.366 0.281 0.264 0.383 0.366 0.383 0.366 0.281 0.822 0.992 0.992 0.992 0.822 0.585 0.992 0.992 0.992 0.585 0.822 0.585 0.636 0.192 0.806 0.192 0.636 0.09 0.806 0.192 0.806 0.09 0.636 0.09 0.822 0.992 0.992 0.992 0.822 0.585 0.992 0.992 0.992 0.585 0.822 0.585 0.636 0.192 0.806 0.192 0.636 0.09 0.806 0.192 0.806 0.09 0.636 0.09 0.62 0.201 0.45 0.201 0.62 0.032 0.45 0.201 0.45 0.032 0.62 0.032 0.62 0.569 0.259 0.569 0.62 0.399 0.259 0.569 0.259 0.399 0.62 0.399 0.806 0.008 0.806 0.074 0.636 0.008 0.806 0.074 0.636 0.074 0.636 0.008 0.636 0.192 0.636 0.09 0.806 0.192 0.636 0.09 0.806 0.09 0.806 0.192 0.822 0.992 0.822 0.585 0.992 0.992 0.822 0.585 0.992 0.585 0.992 0.992 0.806 0.008 0.636 0.008 0.806 0.074 0.636 0.008 0.636 0.074 0.806 0.074 0.62 0.569 0.62 0.399 0.259 0.569 0.62 0.399 0.259 0.399 0.259 0.569 0.62 0.201 0.62 0.032 0.45 0.201 0.62 0.032 0.45 0.032 0.45 0.201 0.451 0.992 0.62 0.992 0.451 0.585 0.62 0.992 0.62 0.585 0.451 0.585 0.516 0.383 0.516 0.281 0.45 0.383 0.516 0.281 0.45 0.214 0.45 0.383 0.619 0.214 0.45 0.214 0.619 0.281 0.45 0.214 0.516 0.281 0.619 0.281 0.141 0.569 0.243 0.569 0.141 0.208 0.243 0.569 0.243 0.208 0.141 0.208 0.027 0.992 0.129 0.992 0.027 0.631 0.129 0.992 0.129 0.631 0.027 0.631 0.992 0.023 0.823 0.023 0.992 0.192 0.823 0.023 0.823 0.192 0.992 0.192 0.62 0.201 0.62 0.032 0.45 0.201 0.62 0.032 0.45 0.032 0.45 0.201 0.62 0.569 0.62 0.399 0.259 0.569 0.62 0.399 0.259 0.399 0.259 0.569 0.806 0.008 0.636 0.008 0.806 0.074 0.636 0.008 0.636 0.074 0.806 0.074 0.267 0.992 0.436 0.992 0.267 0.585 0.436 0.992 0.436 0.585 0.267 0.585 0.264 0.281 0.264 0.383 0.366 0.281 0.264 0.383 0.366 0.383 0.366 0.281 0.822 0.992 0.992 0.992 0.822 0.585 0.992 0.992 0.992 0.585 0.822 0.585 0.636 0.192 0.806 0.192 0.636 0.09 0.806 0.192 0.806 0.09 0.636 0.09 0.822 0.992 0.992 0.992 0.822 0.585 0.992 0.992 0.992 0.585 0.822 0.585 0.636 0.192 0.806 0.192 0.636 0.09 0.806 0.192 0.806 0.09 0.636 0.09 0.62 0.201 0.45 0.201 0.62 0.032 0.45 0.201 0.45 0.032 0.62 0.032 0.62 0.569 0.259 0.569 0.62 0.399 0.259 0.569 0.259 0.399 0.62 0.399 0.806 0.008 0.806 0.074 0.636 0.008 0.806 0.074 0.636 0.074 0.636 0.008 0.636 0.192 0.636 0.09 0.806 0.192 0.636 0.09 0.806 0.09 0.806 0.192 0.822 0.992 0.822 0.585 0.992 0.992 0.822 0.585 0.992 0.585 0.992 0.992 0.806 0.008 0.636 0.008 0.806 0.074 0.636 0.008 0.636 0.074 0.806 0.074 0.62 0.569 0.62 0.399 0.259 0.569 0.62 0.399 0.259 0.399 0.259 0.569 0.62 0.201 0.62 0.032 0.45 0.201 0.62 0.032 0.45 0.032 0.45 0.201 0.451 0.992 0.451 0.585 0.62 0.992 0.451 0.585 0.62 0.585 0.62 0.992 0.516 0.383 0.45 0.383 0.516 0.281 0.45 0.383 0.45 0.214 0.516 0.281 0.619 0.214 0.619 0.281 0.45 0.214 0.619 0.281 0.516 0.281 0.45 0.214 0.141 0.569 0.141 0.208 0.243 0.569 0.141 0.208 0.243 0.208 0.243 0.569 0.027 0.992 0.027 0.631 0.129 0.992 0.027 0.631 0.129 0.631 0.129 0.992 0.992 0.023 0.992 0.192 0.823 0.023 0.992 0.192 0.823 0.192 0.823 0.023 0.62 0.201 0.45 0.201 0.62 0.032 0.45 0.201 0.45 0.032 0.62 0.032 0.62 0.569 0.259 0.569 0.62 0.399 0.259 0.569 0.259 0.399 0.62 0.399 0.806 0.008 0.806 0.074 0.636 0.008 0.806 0.074 0.636 0.074 0.636 0.008 0.267 0.992 0.267 0.585 0.436 0.992 0.267 0.585 0.436 0.585 0.436 0.992 0.264 0.281 0.366 0.281 0.264 0.383 0.366 0.281 0.366 0.383 0.264 0.383 0.822 0.992 0.822 0.585 0.992 0.992 0.822 0.585 0.992 0.585 0.992 0.992 0.636 0.192 0.636 0.09 0.806 0.192 0.636 0.09 0.806 0.09 0.806 0.192 0.822 0.992 0.822 0.585 0.992 0.992 0.822 0.585 0.992 0.585 0.992 0.992 0.636 0.192 0.636 0.09 0.806 0.192 0.636 0.09 0.806 0.09 0.806 0.192 0.62 0.201 0.62 0.032 0.45 0.201 0.62 0.032 0.45 0.032 0.45 0.201 0.62 0.569 0.62 0.399 0.259 0.569 0.62 0.399 0.259 0.399 0.259 0.569 0.806 0.008 0.636 0.008 0.806 0.074 0.636 0.008 0.636 0.074 0.806 0.074 0.636 0.192 0.806 0.192 0.636 0.09 0.806 0.192 0.806 0.09 0.636 0.09 0.822 0.992 0.992 0.992 0.822 0.585 0.992 0.992 0.992 0.585 0.822 0.585 0.806 0.008 0.806 0.074 0.636 0.008 0.806 0.074 0.636 0.074 0.636 0.008 0.62 0.569 0.259 0.569 0.62 0.399 0.259 0.569 0.259 0.399 0.62 0.399 0.62 0.201 0.45 0.201 0.62 0.032 0.45 0.201 0.45 0.032 0.62 0.032 0.000834 0.000692 0.000735 0.000712 0.000853 0.000603 0.000735 0.000712 0.000746 0.000602 0.000853 0.000603 0.000367 0.000707 0.000425 0.000796 0.000154 0.000801 0.000425 0.000796 0.000264 0.000962 0.000154 0.000801 0.000495 0.000602 0.000389 0.000602 0.000506 0.000493 0.000389 0.000602 0.000407 0.000514 0.000506 0.000493 0.00062 0.000484 0.000506 0.000493 0.00062 0.00037 0.000506 0.000493 0.000531 0.000388 0.00062 0.00037 0.000456 0.000765 0.000407 0.00069 0.000531 0.000816 0.000407 0.00069 0.000506 0.000712 0.000531 0.000816 0.00062 0.000835 0.00062 0.000721 0.000709 0.000817 0.00062 0.000721 0.000735 0.000712 0.000709 0.000817 0.000506 0.000493 0.000407 0.000514 0.000531 0.000388 0.000407 0.000514 0.000456 0.000439 0.000531 0.000388 0.000835 0.000513 0.000735 0.000492 0.000785 0.000438 0.000735 0.000492 0.000709 0.000387 0.000785 0.000438 0.000531 0.000816 0.000506 0.000712 0.00062 0.000835 0.000506 0.000712 0.00062 0.000721 0.00062 0.000835 0.000506 0.000712 0.000407 0.00069 0.000495 0.000602 0.000407 0.00069 0.000389 0.000602 0.000495 0.000602 0.000709 0.000817 0.000735 0.000712 0.000783 0.000766 0.000735 0.000712 0.000834 0.000692 0.000783 0.000766 0.000853 0.000603 0.000746 0.000602 0.000835 0.000513 0.000746 0.000602 0.000735 0.000492 0.000835 0.000513 0.000735 0.000492 0.00062 0.000484 0.000709 0.000387 0.00062 0.000484 0.00062 0.00037 0.000709 0.000387 0.000813 0.000797 0.000798 0.000781 0.000874 0.000709 0.000798 0.000781 0.000854 0.0007 0.000874 0.000709 0.000798 0.000781 0.000783 0.000766 0.000854 0.0007 0.000783 0.000766 0.000834 0.000692 0.000854 0.0007 0.000897 0.000604 0.000874 0.000603 0.000876 0.000497 0.000874 0.000603 0.000856 0.000505 0.000876 0.000497 0.000874 0.000603 0.000853 0.000603 0.000856 0.000505 0.000853 0.000603 0.000835 0.000513 0.000856 0.000505 0.000514 0.000348 0.000523 0.000369 0.000426 0.000408 0.000523 0.000369 0.000441 0.000424 0.000426 0.000408 0.000523 0.000369 0.000531 0.000388 0.000441 0.000424 0.000531 0.000388 0.000456 0.000439 0.000441 0.000424 0.000876 0.000497 0.000856 0.000505 0.000816 0.000407 0.000856 0.000505 0.0008 0.000422 0.000816 0.000407 0.000856 0.000505 0.000835 0.000513 0.0008 0.000422 0.000835 0.000513 0.000785 0.000438 0.0008 0.000422 0.000816 0.000407 0.0008 0.000422 0.000726 0.000347 0.0008 0.000422 0.000717 0.000367 0.000726 0.000347 0.0008 0.000422 0.000785 0.000438 0.000717 0.000367 0.000785 0.000438 0.000709 0.000387 0.000717 0.000367 0.000426 0.000408 0.000441 0.000424 0.000367 0.000497 0.000441 0.000424 0.000387 0.000506 0.000367 0.000497 0.000441 0.000424 0.000456 0.000439 0.000387 0.000506 0.000456 0.000439 0.000407 0.000514 0.000387 0.000506 0.000367 0.000497 0.000387 0.000506 0.000346 0.000602 0.000387 0.000506 0.000368 0.000602 0.000346 0.000602 0.000387 0.000506 0.000407 0.000514 0.000368 0.000602 0.000407 0.000514 0.000389 0.000602 0.000368 0.000602 0.000425 0.000796 0.000441 0.00078 0.000513 0.000857 0.000441 0.00078 0.000522 0.000836 0.000513 0.000857 0.000441 0.00078 0.000456 0.000765 0.000522 0.000836 0.000456 0.000765 0.000531 0.000816 0.000522 0.000836 0.000726 0.000347 0.000717 0.000367 0.00062 0.000326 0.000717 0.000367 0.00062 0.000349 0.00062 0.000326 0.000717 0.000367 0.000709 0.000387 0.00062 0.000349 0.000709 0.000387 0.00062 0.00037 0.00062 0.000349 0.00062 0.000326 0.00062 0.000349 0.000514 0.000348 0.00062 0.000349 0.000523 0.000369 0.000514 0.000348 0.00062 0.000349 0.00062 0.00037 0.000523 0.000369 0.00062 0.00037 0.000531 0.000388 0.000523 0.000369 0.000346 0.000602 0.000368 0.000602 0.000367 0.000707 0.000368 0.000602 0.000387 0.000699 0.000367 0.000707 0.000368 0.000602 0.000389 0.000602 0.000387 0.000699 0.000389 0.000602 0.000407 0.00069 0.000387 0.000699 0.000367 0.000707 0.000387 0.000699 0.000425 0.000796 0.000387 0.000699 0.000441 0.00078 0.000425 0.000796 0.000387 0.000699 0.000407 0.00069 0.000441 0.00078 0.000407 0.00069 0.000456 0.000765 0.000441 0.00078 0.000513 0.000857 0.000522 0.000836 0.000619 0.00088 0.000522 0.000836 0.00062 0.000857 0.000619 0.00088 0.000522 0.000836 0.000531 0.000816 0.00062 0.000857 0.000531 0.000816 0.00062 0.000835 0.00062 0.000857 0.000874 0.000709 0.000854 0.0007 0.000897 0.000604 0.000854 0.0007 0.000874 0.000603 0.000897 0.000604 0.000854 0.0007 0.000834 0.000692 0.000874 0.000603 0.000834 0.000692 0.000853 0.000603 0.000874 0.000603 0.000619 0.00088 0.00062 0.000857 0.000725 0.000857 0.00062 0.000857 0.000717 0.000837 0.000725 0.000857 0.00062 0.000857 0.00062 0.000835 0.000717 0.000837 0.00062 0.000835 0.000709 0.000817 0.000717 0.000837 0.000725 0.000857 0.000717 0.000837 0.000813 0.000797 0.000717 0.000837 0.000798 0.000781 0.000813 0.000797 0.000717 0.000837 0.000709 0.000817 0.000798 0.000781 0.000709 0.000817 0.000783 0.000766 0.000798 0.000781 0.000746 0.000602 0.00062 0.000602 0.000735 0.000492 0.00062 0.000602 0.00062 0.000484 0.000735 0.000492 0.00062 0.000602 0.000495 0.000602 0.00062 0.000484 0.000495 0.000602 0.000506 0.000493 0.00062 0.000484 0.000735 0.000712 0.00062 0.000721 0.000746 0.000602 0.00062 0.000721 0.00062 0.000602 0.000746 0.000602 0.00062 0.000721 0.000506 0.000712 0.00062 0.000602 0.000506 0.000712 0.000495 0.000602 0.00062 0.000602 0.000426 0.001068 0.000617 0.001107 0.000417 0.00109 0.000617 0.001107 0.000616 0.001131 0.000417 0.00109 0.000417 0.00109 0.000616 0.001131 0.000408 0.001113 0.000616 0.001131 0.000615 0.001156 0.000408 0.001113 0.000264 0.000962 0.000426 0.001068 0.000248 0.000979 0.000426 0.001068 0.000417 0.00109 0.000248 0.000979 0.000248 0.000979 0.000417 0.00109 0.00023 0.000996 0.000417 0.00109 0.000408 0.001113 0.00023 0.000996 0.000154 0.000801 0.000264 0.000962 0.000131 0.000811 0.000264 0.000962 0.000248 0.000979 0.000131 0.000811 0.000131 0.000811 0.000248 0.000979 0.000109 0.00082 0.000248 0.000979 0.00023 0.000996 0.000109 0.00082 0.000112 0.000609 0.000154 0.000801 0.000087 0.00061 0.000154 0.000801 0.000131 0.000811 0.000087 0.00061 0.000087 0.00061 0.000131 0.000811 0.000062 0.00061 0.000131 0.000811 0.000109 0.00082 0.000062 0.00061 0.000146 0.000414 0.000112 0.000609 0.000123 0.000405 0.000112 0.000609 0.000087 0.00061 0.000123 0.000405 0.000123 0.000405 0.000087 0.00061 0.0001 0.000396 0.000087 0.00061 0.000062 0.00061 0.0001 0.000396 0.000252 0.000246 0.000146 0.000414 0.000234 0.000229 0.000146 0.000414 0.000123 0.000405 0.000234 0.000229 0.000234 0.000229 0.000123 0.000405 0.000216 0.000212 0.000123 0.000405 0.0001 0.000396 0.000216 0.000212 0.000415 0.000131 0.000252 0.000246 0.000405 0.000108 0.000252 0.000246 0.000234 0.000229 0.000405 0.000108 0.000405 0.000108 0.000234 0.000229 0.000395 0.000085 0.000234 0.000229 0.000216 0.000212 0.000395 0.000085 0.000611 0.000087 0.000415 0.000131 0.000611 0.000062 0.000415 0.000131 0.000405 0.000108 0.000611 0.000062 0.000611 0.000062 0.000405 0.000108 0.00061 0.000036 0.000405 0.000108 0.000395 0.000085 0.00061 0.000036 0.00081 0.000121 0.000611 0.000087 0.000819 0.000098 0.000611 0.000087 0.000611 0.000062 0.000819 0.000098 0.000819 0.000098 0.000611 0.000062 0.000829 0.000074 0.000611 0.000062 0.00061 0.000036 0.000829 0.000074 0.000982 0.00023 0.00081 0.000121 0.000999 0.000212 0.00081 0.000121 0.000819 0.000098 0.000999 0.000212 0.000999 0.000212 0.000819 0.000098 0.001017 0.000193 0.000819 0.000098 0.000829 0.000074 0.001017 0.000193 0.001099 0.000397 0.000982 0.00023 0.001123 0.000387 0.000982 0.00023 0.000999 0.000212 0.001123 0.000387 0.001123 0.000387 0.000999 0.000212 0.001147 0.000377 0.000999 0.000212 0.001017 0.000193 0.001147 0.000377 0.001143 0.000599 0.001099 0.000397 0.001169 0.000598 0.001099 0.000397 0.001123 0.000387 0.001169 0.000598 0.001169 0.000598 0.001123 0.000387 0.001195 0.000598 0.001123 0.000387 0.001147 0.000377 0.001195 0.000598 0.001105 0.000803 0.001143 0.000599 0.001129 0.000813 0.001143 0.000599 0.001169 0.000598 0.001129 0.000813 0.001129 0.000813 0.001169 0.000598 0.001154 0.000823 0.001169 0.000598 0.001195 0.000598 0.001154 0.000823 0.00099 0.000975 0.001105 0.000803 0.001007 0.000994 0.001105 0.000803 0.001129 0.000813 0.001007 0.000994 0.001007 0.000994 0.001129 0.000813 0.001025 0.001013 0.001129 0.000813 0.001154 0.000823 0.001025 0.001013 0.000814 0.001079 0.00099 0.000975 0.000822 0.001103 0.00099 0.000975 0.001007 0.000994 0.000822 0.001103 0.000822 0.001103 0.001007 0.000994 0.00083 0.001127 0.001007 0.000994 0.001025 0.001013 0.00083 0.001127 0.000617 0.001107 0.000814 0.001079 0.000616 0.001131 0.000814 0.001079 0.000822 0.001103 0.000616 0.001131 0.000616 0.001131 0.000822 0.001103 0.000615 0.001156 0.000822 0.001103 0.00083 0.001127 0.000615 0.001156 0.000816 0.000407 0.000726 0.000347 0.000982 0.00023 0.000726 0.000347 0.00081 0.000121 0.000982 0.00023 0.000425 0.000796 0.000513 0.000857 0.000264 0.000962 0.000513 0.000857 0.000426 0.001068 0.000264 0.000962 0.000726 0.000347 0.00062 0.000326 0.00081 0.000121 0.00062 0.000326 0.000611 0.000087 0.00081 0.000121 0.000617 0.001107 0.000619 0.00088 0.000814 0.001079 0.000619 0.00088 0.000725 0.000857 0.000814 0.001079 0.000513 0.000857 0.000619 0.00088 0.000426 0.001068 0.000619 0.00088 0.000617 0.001107 0.000426 0.001068 0.00062 0.000326 0.000514 0.000348 0.000611 0.000087 0.000514 0.000348 0.000415 0.000131 0.000611 0.000087 0.000814 0.001079 0.000725 0.000857 0.00099 0.000975 0.000725 0.000857 0.000813 0.000797 0.00099 0.000975 0.000514 0.000348 0.000426 0.000408 0.000415 0.000131 0.000426 0.000408 0.000252 0.000246 0.000415 0.000131 0.000813 0.000797 0.000874 0.000709 0.00099 0.000975 0.000874 0.000709 0.001105 0.000803 0.00099 0.000975 0.000426 0.000408 0.000367 0.000497 0.000252 0.000246 0.000367 0.000497 0.000146 0.000414 0.000252 0.000246 0.000874 0.000709 0.000897 0.000604 0.001105 0.000803 0.000897 0.000604 0.001143 0.000599 0.001105 0.000803 0.000367 0.000497 0.000346 0.000602 0.000146 0.000414 0.000346 0.000602 0.000112 0.000609 0.000146 0.000414 0.000897 0.000604 0.000876 0.000497 0.001143 0.000599 0.000876 0.000497 0.001099 0.000397 0.001143 0.000599 0.000346 0.000602 0.000367 0.000707 0.000112 0.000609 0.000367 0.000707 0.000154 0.000801 0.000112 0.000609 0.000876 0.000497 0.000816 0.000407 0.001099 0.000397 0.000816 0.000407 0.000982 0.00023 0.001099 0.000397 0.000834 0.000692 0.000735 0.000712 0.000853 0.000603 0.000735 0.000712 0.000746 0.000602 0.000853 0.000603 0.000367 0.000707 0.000425 0.000796 0.000154 0.000801 0.000425 0.000796 0.000264 0.000962 0.000154 0.000801 0.000495 0.000602 0.000389 0.000602 0.000506 0.000493 0.000389 0.000602 0.000407 0.000514 0.000506 0.000493 0.00062 0.000484 0.000506 0.000493 0.00062 0.00037 0.000506 0.000493 0.000531 0.000388 0.00062 0.00037 0.000456 0.000765 0.000407 0.00069 0.000531 0.000816 0.000407 0.00069 0.000506 0.000712 0.000531 0.000816 0.00062 0.000835 0.00062 0.000721 0.000709 0.000817 0.00062 0.000721 0.000735 0.000712 0.000709 0.000817 0.000506 0.000493 0.000407 0.000514 0.000531 0.000388 0.000407 0.000514 0.000456 0.000439 0.000531 0.000388 0.000835 0.000513 0.000735 0.000492 0.000785 0.000438 0.000735 0.000492 0.000709 0.000387 0.000785 0.000438 0.000531 0.000816 0.000506 0.000712 0.00062 0.000835 0.000506 0.000712 0.00062 0.000721 0.00062 0.000835 0.000506 0.000712 0.000407 0.00069 0.000495 0.000602 0.000407 0.00069 0.000389 0.000602 0.000495 0.000602 0.000709 0.000817 0.000735 0.000712 0.000783 0.000766 0.000735 0.000712 0.000834 0.000692 0.000783 0.000766 0.000853 0.000603 0.000746 0.000602 0.000835 0.000513 0.000746 0.000602 0.000735 0.000492 0.000835 0.000513 0.000735 0.000492 0.00062 0.000484 0.000709 0.000387 0.00062 0.000484 0.00062 0.00037 0.000709 0.000387 0.000813 0.000797 0.000798 0.000781 0.000874 0.000709 0.000798 0.000781 0.000854 0.0007 0.000874 0.000709 0.000798 0.000781 0.000783 0.000766 0.000854 0.0007 0.000783 0.000766 0.000834 0.000692 0.000854 0.0007 0.000897 0.000604 0.000874 0.000603 0.000876 0.000497 0.000874 0.000603 0.000856 0.000505 0.000876 0.000497 0.000874 0.000603 0.000853 0.000603 0.000856 0.000505 0.000853 0.000603 0.000835 0.000513 0.000856 0.000505 0.000514 0.000348 0.000523 0.000369 0.000426 0.000408 0.000523 0.000369 0.000441 0.000424 0.000426 0.000408 0.000523 0.000369 0.000531 0.000388 0.000441 0.000424 0.000531 0.000388 0.000456 0.000439 0.000441 0.000424 0.000876 0.000497 0.000856 0.000505 0.000816 0.000407 0.000856 0.000505 0.0008 0.000422 0.000816 0.000407 0.000856 0.000505 0.000835 0.000513 0.0008 0.000422 0.000835 0.000513 0.000785 0.000438 0.0008 0.000422 0.000816 0.000407 0.0008 0.000422 0.000726 0.000347 0.0008 0.000422 0.000717 0.000367 0.000726 0.000347 0.0008 0.000422 0.000785 0.000438 0.000717 0.000367 0.000785 0.000438 0.000709 0.000387 0.000717 0.000367 0.000426 0.000408 0.000441 0.000424 0.000367 0.000497 0.000441 0.000424 0.000387 0.000506 0.000367 0.000497 0.000441 0.000424 0.000456 0.000439 0.000387 0.000506 0.000456 0.000439 0.000407 0.000514 0.000387 0.000506 0.000367 0.000497 0.000387 0.000506 0.000346 0.000602 0.000387 0.000506 0.000368 0.000602 0.000346 0.000602 0.000387 0.000506 0.000407 0.000514 0.000368 0.000602 0.000407 0.000514 0.000389 0.000602 0.000368 0.000602 0.000425 0.000796 0.000441 0.00078 0.000513 0.000857 0.000441 0.00078 0.000522 0.000836 0.000513 0.000857 0.000441 0.00078 0.000456 0.000765 0.000522 0.000836 0.000456 0.000765 0.000531 0.000816 0.000522 0.000836 0.000726 0.000347 0.000717 0.000367 0.00062 0.000326 0.000717 0.000367 0.00062 0.000349 0.00062 0.000326 0.000717 0.000367 0.000709 0.000387 0.00062 0.000349 0.000709 0.000387 0.00062 0.00037 0.00062 0.000349 0.00062 0.000326 0.00062 0.000349 0.000514 0.000348 0.00062 0.000349 0.000523 0.000369 0.000514 0.000348 0.00062 0.000349 0.00062 0.00037 0.000523 0.000369 0.00062 0.00037 0.000531 0.000388 0.000523 0.000369 0.000346 0.000602 0.000368 0.000602 0.000367 0.000707 0.000368 0.000602 0.000387 0.000699 0.000367 0.000707 0.000368 0.000602 0.000389 0.000602 0.000387 0.000699 0.000389 0.000602 0.000407 0.00069 0.000387 0.000699 0.000367 0.000707 0.000387 0.000699 0.000425 0.000796 0.000387 0.000699 0.000441 0.00078 0.000425 0.000796 0.000387 0.000699 0.000407 0.00069 0.000441 0.00078 0.000407 0.00069 0.000456 0.000765 0.000441 0.00078 0.000513 0.000857 0.000522 0.000836 0.000619 0.00088 0.000522 0.000836 0.00062 0.000857 0.000619 0.00088 0.000522 0.000836 0.000531 0.000816 0.00062 0.000857 0.000531 0.000816 0.00062 0.000835 0.00062 0.000857 0.000874 0.000709 0.000854 0.0007 0.000897 0.000604 0.000854 0.0007 0.000874 0.000603 0.000897 0.000604 0.000854 0.0007 0.000834 0.000692 0.000874 0.000603 0.000834 0.000692 0.000853 0.000603 0.000874 0.000603 0.000619 0.00088 0.00062 0.000857 0.000725 0.000857 0.00062 0.000857 0.000717 0.000837 0.000725 0.000857 0.00062 0.000857 0.00062 0.000835 0.000717 0.000837 0.00062 0.000835 0.000709 0.000817 0.000717 0.000837 0.000725 0.000857 0.000717 0.000837 0.000813 0.000797 0.000717 0.000837 0.000798 0.000781 0.000813 0.000797 0.000717 0.000837 0.000709 0.000817 0.000798 0.000781 0.000709 0.000817 0.000783 0.000766 0.000798 0.000781 0.000746 0.000602 0.00062 0.000602 0.000735 0.000492 0.00062 0.000602 0.00062 0.000484 0.000735 0.000492 0.00062 0.000602 0.000495 0.000602 0.00062 0.000484 0.000495 0.000602 0.000506 0.000493 0.00062 0.000484 0.000735 0.000712 0.00062 0.000721 0.000746 0.000602 0.00062 0.000721 0.00062 0.000602 0.000746 0.000602 0.00062 0.000721 0.000506 0.000712 0.00062 0.000602 0.000506 0.000712 0.000495 0.000602 0.00062 0.000602 0.000426 0.001068 0.000617 0.001107 0.000417 0.00109 0.000617 0.001107 0.000616 0.001131 0.000417 0.00109 0.000417 0.00109 0.000616 0.001131 0.000408 0.001113 0.000616 0.001131 0.000615 0.001156 0.000408 0.001113 0.000264 0.000962 0.000426 0.001068 0.000248 0.000979 0.000426 0.001068 0.000417 0.00109 0.000248 0.000979 0.000248 0.000979 0.000417 0.00109 0.00023 0.000996 0.000417 0.00109 0.000408 0.001113 0.00023 0.000996 0.000154 0.000801 0.000264 0.000962 0.000131 0.000811 0.000264 0.000962 0.000248 0.000979 0.000131 0.000811 0.000131 0.000811 0.000248 0.000979 0.000109 0.00082 0.000248 0.000979 0.00023 0.000996 0.000109 0.00082 0.000112 0.000609 0.000154 0.000801 0.000087 0.00061 0.000154 0.000801 0.000131 0.000811 0.000087 0.00061 0.000087 0.00061 0.000131 0.000811 0.000062 0.00061 0.000131 0.000811 0.000109 0.00082 0.000062 0.00061 0.000146 0.000414 0.000112 0.000609 0.000123 0.000405 0.000112 0.000609 0.000087 0.00061 0.000123 0.000405 0.000123 0.000405 0.000087 0.00061 0.0001 0.000396 0.000087 0.00061 0.000062 0.00061 0.0001 0.000396 0.000252 0.000246 0.000146 0.000414 0.000234 0.000229 0.000146 0.000414 0.000123 0.000405 0.000234 0.000229 0.000234 0.000229 0.000123 0.000405 0.000216 0.000212 0.000123 0.000405 0.0001 0.000396 0.000216 0.000212 0.000415 0.000131 0.000252 0.000246 0.000405 0.000108 0.000252 0.000246 0.000234 0.000229 0.000405 0.000108 0.000405 0.000108 0.000234 0.000229 0.000395 0.000085 0.000234 0.000229 0.000216 0.000212 0.000395 0.000085 0.000611 0.000087 0.000415 0.000131 0.000611 0.000062 0.000415 0.000131 0.000405 0.000108 0.000611 0.000062 0.000611 0.000062 0.000405 0.000108 0.00061 0.000036 0.000405 0.000108 0.000395 0.000085 0.00061 0.000036 0.00081 0.000121 0.000611 0.000087 0.000819 0.000098 0.000611 0.000087 0.000611 0.000062 0.000819 0.000098 0.000819 0.000098 0.000611 0.000062 0.000829 0.000074 0.000611 0.000062 0.00061 0.000036 0.000829 0.000074 0.000982 0.00023 0.00081 0.000121 0.000999 0.000212 0.00081 0.000121 0.000819 0.000098 0.000999 0.000212 0.000999 0.000212 0.000819 0.000098 0.001017 0.000193 0.000819 0.000098 0.000829 0.000074 0.001017 0.000193 0.001099 0.000397 0.000982 0.00023 0.001123 0.000387 0.000982 0.00023 0.000999 0.000212 0.001123 0.000387 0.001123 0.000387 0.000999 0.000212 0.001147 0.000377 0.000999 0.000212 0.001017 0.000193 0.001147 0.000377 0.001143 0.000599 0.001099 0.000397 0.001169 0.000598 0.001099 0.000397 0.001123 0.000387 0.001169 0.000598 0.001169 0.000598 0.001123 0.000387 0.001195 0.000598 0.001123 0.000387 0.001147 0.000377 0.001195 0.000598 0.001105 0.000803 0.001143 0.000599 0.001129 0.000813 0.001143 0.000599 0.001169 0.000598 0.001129 0.000813 0.001129 0.000813 0.001169 0.000598 0.001154 0.000823 0.001169 0.000598 0.001195 0.000598 0.001154 0.000823 0.00099 0.000975 0.001105 0.000803 0.001007 0.000994 0.001105 0.000803 0.001129 0.000813 0.001007 0.000994 0.001007 0.000994 0.001129 0.000813 0.001025 0.001013 0.001129 0.000813 0.001154 0.000823 0.001025 0.001013 0.000814 0.001079 0.00099 0.000975 0.000822 0.001103 0.00099 0.000975 0.001007 0.000994 0.000822 0.001103 0.000822 0.001103 0.001007 0.000994 0.00083 0.001127 0.001007 0.000994 0.001025 0.001013 0.00083 0.001127 0.000617 0.001107 0.000814 0.001079 0.000616 0.001131 0.000814 0.001079 0.000822 0.001103 0.000616 0.001131 0.000616 0.001131 0.000822 0.001103 0.000615 0.001156 0.000822 0.001103 0.00083 0.001127 0.000615 0.001156 0.000816 0.000407 0.000726 0.000347 0.000982 0.00023 0.000726 0.000347 0.00081 0.000121 0.000982 0.00023 0.000425 0.000796 0.000513 0.000857 0.000264 0.000962 0.000513 0.000857 0.000426 0.001068 0.000264 0.000962 0.000726 0.000347 0.00062 0.000326 0.00081 0.000121 0.00062 0.000326 0.000611 0.000087 0.00081 0.000121 0.000617 0.001107 0.000619 0.00088 0.000814 0.001079 0.000619 0.00088 0.000725 0.000857 0.000814 0.001079 0.000513 0.000857 0.000619 0.00088 0.000426 0.001068 0.000619 0.00088 0.000617 0.001107 0.000426 0.001068 0.00062 0.000326 0.000514 0.000348 0.000611 0.000087 0.000514 0.000348 0.000415 0.000131 0.000611 0.000087 0.000814 0.001079 0.000725 0.000857 0.00099 0.000975 0.000725 0.000857 0.000813 0.000797 0.00099 0.000975 0.000514 0.000348 0.000426 0.000408 0.000415 0.000131 0.000426 0.000408 0.000252 0.000246 0.000415 0.000131 0.000813 0.000797 0.000874 0.000709 0.00099 0.000975 0.000874 0.000709 0.001105 0.000803 0.00099 0.000975 0.000426 0.000408 0.000367 0.000497 0.000252 0.000246 0.000367 0.000497 0.000146 0.000414 0.000252 0.000246 0.000874 0.000709 0.000897 0.000604 0.001105 0.000803 0.000897 0.000604 0.001143 0.000599 0.001105 0.000803 0.000367 0.000497 0.000346 0.000602 0.000146 0.000414 0.000346 0.000602 0.000112 0.000609 0.000146 0.000414 0.000897 0.000604 0.000876 0.000497 0.001143 0.000599 0.000876 0.000497 0.001099 0.000397 0.001143 0.000599 0.000346 0.000602 0.000367 0.000707 0.000112 0.000609 0.000367 0.000707 0.000154 0.000801 0.000112 0.000609 0.000876 0.000497 0.000816 0.000407 0.001099 0.000397 0.000816 0.000407 0.000982 0.00023 0.001099 0.000397 0.000834 0.000692 0.000735 0.000712 0.000853 0.000603 0.000735 0.000712 0.000746 0.000602 0.000853 0.000603 0.000367 0.000707 0.000425 0.000796 0.000154 0.000801 0.000425 0.000796 0.000264 0.000962 0.000154 0.000801 0.000495 0.000602 0.000389 0.000602 0.000506 0.000493 0.000389 0.000602 0.000407 0.000514 0.000506 0.000493 0.00062 0.000484 0.000506 0.000493 0.00062 0.00037 0.000506 0.000493 0.000531 0.000388 0.00062 0.00037 0.000456 0.000765 0.000407 0.00069 0.000531 0.000816 0.000407 0.00069 0.000506 0.000712 0.000531 0.000816 0.00062 0.000835 0.00062 0.000721 0.000709 0.000817 0.00062 0.000721 0.000735 0.000712 0.000709 0.000817 0.000506 0.000493 0.000407 0.000514 0.000531 0.000388 0.000407 0.000514 0.000456 0.000439 0.000531 0.000388 0.000835 0.000513 0.000735 0.000492 0.000785 0.000438 0.000735 0.000492 0.000709 0.000387 0.000785 0.000438 0.000531 0.000816 0.000506 0.000712 0.00062 0.000835 0.000506 0.000712 0.00062 0.000721 0.00062 0.000835 0.000506 0.000712 0.000407 0.00069 0.000495 0.000602 0.000407 0.00069 0.000389 0.000602 0.000495 0.000602 0.000709 0.000817 0.000735 0.000712 0.000783 0.000766 0.000735 0.000712 0.000834 0.000692 0.000783 0.000766 0.000853 0.000603 0.000746 0.000602 0.000835 0.000513 0.000746 0.000602 0.000735 0.000492 0.000835 0.000513 0.000735 0.000492 0.00062 0.000484 0.000709 0.000387 0.00062 0.000484 0.00062 0.00037 0.000709 0.000387 0.000813 0.000797 0.000798 0.000781 0.000874 0.000709 0.000798 0.000781 0.000854 0.0007 0.000874 0.000709 0.000798 0.000781 0.000783 0.000766 0.000854 0.0007 0.000783 0.000766 0.000834 0.000692 0.000854 0.0007 0.000897 0.000604 0.000874 0.000603 0.000876 0.000497 0.000874 0.000603 0.000856 0.000505 0.000876 0.000497 0.000874 0.000603 0.000853 0.000603 0.000856 0.000505 0.000853 0.000603 0.000835 0.000513 0.000856 0.000505 0.000514 0.000348 0.000523 0.000369 0.000426 0.000408 0.000523 0.000369 0.000441 0.000424 0.000426 0.000408 0.000523 0.000369 0.000531 0.000388 0.000441 0.000424 0.000531 0.000388 0.000456 0.000439 0.000441 0.000424 0.000876 0.000497 0.000856 0.000505 0.000816 0.000407 0.000856 0.000505 0.0008 0.000422 0.000816 0.000407 0.000856 0.000505 0.000835 0.000513 0.0008 0.000422 0.000835 0.000513 0.000785 0.000438 0.0008 0.000422 0.000816 0.000407 0.0008 0.000422 0.000726 0.000347 0.0008 0.000422 0.000717 0.000367 0.000726 0.000347 0.0008 0.000422 0.000785 0.000438 0.000717 0.000367 0.000785 0.000438 0.000709 0.000387 0.000717 0.000367 0.000426 0.000408 0.000441 0.000424 0.000367 0.000497 0.000441 0.000424 0.000387 0.000506 0.000367 0.000497 0.000441 0.000424 0.000456 0.000439 0.000387 0.000506 0.000456 0.000439 0.000407 0.000514 0.000387 0.000506 0.000367 0.000497 0.000387 0.000506 0.000346 0.000602 0.000387 0.000506 0.000368 0.000602 0.000346 0.000602 0.000387 0.000506 0.000407 0.000514 0.000368 0.000602 0.000407 0.000514 0.000389 0.000602 0.000368 0.000602 0.000425 0.000796 0.000441 0.00078 0.000513 0.000857 0.000441 0.00078 0.000522 0.000836 0.000513 0.000857 0.000441 0.00078 0.000456 0.000765 0.000522 0.000836 0.000456 0.000765 0.000531 0.000816 0.000522 0.000836 0.000726 0.000347 0.000717 0.000367 0.00062 0.000326 0.000717 0.000367 0.00062 0.000349 0.00062 0.000326 0.000717 0.000367 0.000709 0.000387 0.00062 0.000349 0.000709 0.000387 0.00062 0.00037 0.00062 0.000349 0.00062 0.000326 0.00062 0.000349 0.000514 0.000348 0.00062 0.000349 0.000523 0.000369 0.000514 0.000348 0.00062 0.000349 0.00062 0.00037 0.000523 0.000369 0.00062 0.00037 0.000531 0.000388 0.000523 0.000369 0.000346 0.000602 0.000368 0.000602 0.000367 0.000707 0.000368 0.000602 0.000387 0.000699 0.000367 0.000707 0.000368 0.000602 0.000389 0.000602 0.000387 0.000699 0.000389 0.000602 0.000407 0.00069 0.000387 0.000699 0.000367 0.000707 0.000387 0.000699 0.000425 0.000796 0.000387 0.000699 0.000441 0.00078 0.000425 0.000796 0.000387 0.000699 0.000407 0.00069 0.000441 0.00078 0.000407 0.00069 0.000456 0.000765 0.000441 0.00078 0.000513 0.000857 0.000522 0.000836 0.000619 0.00088 0.000522 0.000836 0.00062 0.000857 0.000619 0.00088 0.000522 0.000836 0.000531 0.000816 0.00062 0.000857 0.000531 0.000816 0.00062 0.000835 0.00062 0.000857 0.000874 0.000709 0.000854 0.0007 0.000897 0.000604 0.000854 0.0007 0.000874 0.000603 0.000897 0.000604 0.000854 0.0007 0.000834 0.000692 0.000874 0.000603 0.000834 0.000692 0.000853 0.000603 0.000874 0.000603 0.000619 0.00088 0.00062 0.000857 0.000725 0.000857 0.00062 0.000857 0.000717 0.000837 0.000725 0.000857 0.00062 0.000857 0.00062 0.000835 0.000717 0.000837 0.00062 0.000835 0.000709 0.000817 0.000717 0.000837 0.000725 0.000857 0.000717 0.000837 0.000813 0.000797 0.000717 0.000837 0.000798 0.000781 0.000813 0.000797 0.000717 0.000837 0.000709 0.000817 0.000798 0.000781 0.000709 0.000817 0.000783 0.000766 0.000798 0.000781 0.000746 0.000602 0.00062 0.000602 0.000735 0.000492 0.00062 0.000602 0.00062 0.000484 0.000735 0.000492 0.00062 0.000602 0.000495 0.000602 0.00062 0.000484 0.000495 0.000602 0.000506 0.000493 0.00062 0.000484 0.000735 0.000712 0.00062 0.000721 0.000746 0.000602 0.00062 0.000721 0.00062 0.000602 0.000746 0.000602 0.00062 0.000721 0.000506 0.000712 0.00062 0.000602 0.000506 0.000712 0.000495 0.000602 0.00062 0.000602 0.000426 0.001068 0.000617 0.001107 0.000417 0.00109 0.000617 0.001107 0.000616 0.001131 0.000417 0.00109 0.000417 0.00109 0.000616 0.001131 0.000408 0.001113 0.000616 0.001131 0.000615 0.001156 0.000408 0.001113 0.000264 0.000962 0.000426 0.001068 0.000248 0.000979 0.000426 0.001068 0.000417 0.00109 0.000248 0.000979 0.000248 0.000979 0.000417 0.00109 0.00023 0.000996 0.000417 0.00109 0.000408 0.001113 0.00023 0.000996 0.000154 0.000801 0.000264 0.000962 0.000131 0.000811 0.000264 0.000962 0.000248 0.000979 0.000131 0.000811 0.000131 0.000811 0.000248 0.000979 0.000109 0.00082 0.000248 0.000979 0.00023 0.000996 0.000109 0.00082 0.000112 0.000609 0.000154 0.000801 0.000087 0.00061 0.000154 0.000801 0.000131 0.000811 0.000087 0.00061 0.000087 0.00061 0.000131 0.000811 0.000062 0.00061 0.000131 0.000811 0.000109 0.00082 0.000062 0.00061 0.000146 0.000414 0.000112 0.000609 0.000123 0.000405 0.000112 0.000609 0.000087 0.00061 0.000123 0.000405 0.000123 0.000405 0.000087 0.00061 0.0001 0.000396 0.000087 0.00061 0.000062 0.00061 0.0001 0.000396 0.000252 0.000246 0.000146 0.000414 0.000234 0.000229 0.000146 0.000414 0.000123 0.000405 0.000234 0.000229 0.000234 0.000229 0.000123 0.000405 0.000216 0.000212 0.000123 0.000405 0.0001 0.000396 0.000216 0.000212 0.000415 0.000131 0.000252 0.000246 0.000405 0.000108 0.000252 0.000246 0.000234 0.000229 0.000405 0.000108 0.000405 0.000108 0.000234 0.000229 0.000395 0.000085 0.000234 0.000229 0.000216 0.000212 0.000395 0.000085 0.000611 0.000087 0.000415 0.000131 0.000611 0.000062 0.000415 0.000131 0.000405 0.000108 0.000611 0.000062 0.000611 0.000062 0.000405 0.000108 0.00061 0.000036 0.000405 0.000108 0.000395 0.000085 0.00061 0.000036 0.00081 0.000121 0.000611 0.000087 0.000819 0.000098 0.000611 0.000087 0.000611 0.000062 0.000819 0.000098 0.000819 0.000098 0.000611 0.000062 0.000829 0.000074 0.000611 0.000062 0.00061 0.000036 0.000829 0.000074 0.000982 0.00023 0.00081 0.000121 0.000999 0.000212 0.00081 0.000121 0.000819 0.000098 0.000999 0.000212 0.000999 0.000212 0.000819 0.000098 0.001017 0.000193 0.000819 0.000098 0.000829 0.000074 0.001017 0.000193 0.001099 0.000397 0.000982 0.00023 0.001123 0.000387 0.000982 0.00023 0.000999 0.000212 0.001123 0.000387 0.001123 0.000387 0.000999 0.000212 0.001147 0.000377 0.000999 0.000212 0.001017 0.000193 0.001147 0.000377 0.001143 0.000599 0.001099 0.000397 0.001169 0.000598 0.001099 0.000397 0.001123 0.000387 0.001169 0.000598 0.001169 0.000598 0.001123 0.000387 0.001195 0.000598 0.001123 0.000387 0.001147 0.000377 0.001195 0.000598 0.001105 0.000803 0.001143 0.000599 0.001129 0.000813 0.001143 0.000599 0.001169 0.000598 0.001129 0.000813 0.001129 0.000813 0.001169 0.000598 0.001154 0.000823 0.001169 0.000598 0.001195 0.000598 0.001154 0.000823 0.00099 0.000975 0.001105 0.000803 0.001007 0.000994 0.001105 0.000803 0.001129 0.000813 0.001007 0.000994 0.001007 0.000994 0.001129 0.000813 0.001025 0.001013 0.001129 0.000813 0.001154 0.000823 0.001025 0.001013 0.000814 0.001079 0.00099 0.000975 0.000822 0.001103 0.00099 0.000975 0.001007 0.000994 0.000822 0.001103 0.000822 0.001103 0.001007 0.000994 0.00083 0.001127 0.001007 0.000994 0.001025 0.001013 0.00083 0.001127 0.000617 0.001107 0.000814 0.001079 0.000616 0.001131 0.000814 0.001079 0.000822 0.001103 0.000616 0.001131 0.000616 0.001131 0.000822 0.001103 0.000615 0.001156 0.000822 0.001103 0.00083 0.001127 0.000615 0.001156 0.000816 0.000407 0.000726 0.000347 0.000982 0.00023 0.000726 0.000347 0.00081 0.000121 0.000982 0.00023 0.000425 0.000796 0.000513 0.000857 0.000264 0.000962 0.000513 0.000857 0.000426 0.001068 0.000264 0.000962 0.000726 0.000347 0.00062 0.000326 0.00081 0.000121 0.00062 0.000326 0.000611 0.000087 0.00081 0.000121 0.000617 0.001107 0.000619 0.00088 0.000814 0.001079 0.000619 0.00088 0.000725 0.000857 0.000814 0.001079 0.000513 0.000857 0.000619 0.00088 0.000426 0.001068 0.000619 0.00088 0.000617 0.001107 0.000426 0.001068 0.00062 0.000326 0.000514 0.000348 0.000611 0.000087 0.000514 0.000348 0.000415 0.000131 0.000611 0.000087 0.000814 0.001079 0.000725 0.000857 0.00099 0.000975 0.000725 0.000857 0.000813 0.000797 0.00099 0.000975 0.000514 0.000348 0.000426 0.000408 0.000415 0.000131 0.000426 0.000408 0.000252 0.000246 0.000415 0.000131 0.000813 0.000797 0.000874 0.000709 0.00099 0.000975 0.000874 0.000709 0.001105 0.000803 0.00099 0.000975 0.000426 0.000408 0.000367 0.000497 0.000252 0.000246 0.000367 0.000497 0.000146 0.000414 0.000252 0.000246 0.000874 0.000709 0.000897 0.000604 0.001105 0.000803 0.000897 0.000604 0.001143 0.000599 0.001105 0.000803 0.000367 0.000497 0.000346 0.000602 0.000146 0.000414 0.000346 0.000602 0.000112 0.000609 0.000146 0.000414 0.000897 0.000604 0.000876 0.000497 0.001143 0.000599 0.000876 0.000497 0.001099 0.000397 0.001143 0.000599 0.000346 0.000602 0.000367 0.000707 0.000112 0.000609 0.000367 0.000707 0.000154 0.000801 0.000112 0.000609 0.000876 0.000497 0.000816 0.000407 0.001099 0.000397 0.000816 0.000407 0.000982 0.00023 0.001099 0.000397 0.000834 0.000692 0.000735 0.000712 0.000853 0.000603 0.000735 0.000712 0.000746 0.000602 0.000853 0.000603 0.000367 0.000707 0.000425 0.000796 0.000154 0.000801 0.000425 0.000796 0.000264 0.000962 0.000154 0.000801 0.000495 0.000602 0.000389 0.000602 0.000506 0.000493 0.000389 0.000602 0.000407 0.000514 0.000506 0.000493 0.00062 0.000484 0.000506 0.000493 0.00062 0.00037 0.000506 0.000493 0.000531 0.000388 0.00062 0.00037 0.000456 0.000765 0.000407 0.00069 0.000531 0.000816 0.000407 0.00069 0.000506 0.000712 0.000531 0.000816 0.00062 0.000835 0.00062 0.000721 0.000709 0.000817 0.00062 0.000721 0.000735 0.000712 0.000709 0.000817 0.000506 0.000493 0.000407 0.000514 0.000531 0.000388 0.000407 0.000514 0.000456 0.000439 0.000531 0.000388 0.000835 0.000513 0.000735 0.000492 0.000785 0.000438 0.000735 0.000492 0.000709 0.000387 0.000785 0.000438 0.000531 0.000816 0.000506 0.000712 0.00062 0.000835 0.000506 0.000712 0.00062 0.000721 0.00062 0.000835 0.000506 0.000712 0.000407 0.00069 0.000495 0.000602 0.000407 0.00069 0.000389 0.000602 0.000495 0.000602 0.000709 0.000817 0.000735 0.000712 0.000783 0.000766 0.000735 0.000712 0.000834 0.000692 0.000783 0.000766 0.000853 0.000603 0.000746 0.000602 0.000835 0.000513 0.000746 0.000602 0.000735 0.000492 0.000835 0.000513 0.000735 0.000492 0.00062 0.000484 0.000709 0.000387 0.00062 0.000484 0.00062 0.00037 0.000709 0.000387 0.000813 0.000797 0.000798 0.000781 0.000874 0.000709 0.000798 0.000781 0.000854 0.0007 0.000874 0.000709 0.000798 0.000781 0.000783 0.000766 0.000854 0.0007 0.000783 0.000766 0.000834 0.000692 0.000854 0.0007 0.000897 0.000604 0.000874 0.000603 0.000876 0.000497 0.000874 0.000603 0.000856 0.000505 0.000876 0.000497 0.000874 0.000603 0.000853 0.000603 0.000856 0.000505 0.000853 0.000603 0.000835 0.000513 0.000856 0.000505 0.000514 0.000348 0.000523 0.000369 0.000426 0.000408 0.000523 0.000369 0.000441 0.000424 0.000426 0.000408 0.000523 0.000369 0.000531 0.000388 0.000441 0.000424 0.000531 0.000388 0.000456 0.000439 0.000441 0.000424 0.000876 0.000497 0.000856 0.000505 0.000816 0.000407 0.000856 0.000505 0.0008 0.000422 0.000816 0.000407 0.000856 0.000505 0.000835 0.000513 0.0008 0.000422 0.000835 0.000513 0.000785 0.000438 0.0008 0.000422 0.000816 0.000407 0.0008 0.000422 0.000726 0.000347 0.0008 0.000422 0.000717 0.000367 0.000726 0.000347 0.0008 0.000422 0.000785 0.000438 0.000717 0.000367 0.000785 0.000438 0.000709 0.000387 0.000717 0.000367 0.000426 0.000408 0.000441 0.000424 0.000367 0.000497 0.000441 0.000424 0.000387 0.000506 0.000367 0.000497 0.000441 0.000424 0.000456 0.000439 0.000387 0.000506 0.000456 0.000439 0.000407 0.000514 0.000387 0.000506 0.000367 0.000497 0.000387 0.000506 0.000346 0.000602 0.000387 0.000506 0.000368 0.000602 0.000346 0.000602 0.000387 0.000506 0.000407 0.000514 0.000368 0.000602 0.000407 0.000514 0.000389 0.000602 0.000368 0.000602 0.000425 0.000796 0.000441 0.00078 0.000513 0.000857 0.000441 0.00078 0.000522 0.000836 0.000513 0.000857 0.000441 0.00078 0.000456 0.000765 0.000522 0.000836 0.000456 0.000765 0.000531 0.000816 0.000522 0.000836 0.000726 0.000347 0.000717 0.000367 0.00062 0.000326 0.000717 0.000367 0.00062 0.000349 0.00062 0.000326 0.000717 0.000367 0.000709 0.000387 0.00062 0.000349 0.000709 0.000387 0.00062 0.00037 0.00062 0.000349 0.00062 0.000326 0.00062 0.000349 0.000514 0.000348 0.00062 0.000349 0.000523 0.000369 0.000514 0.000348 0.00062 0.000349 0.00062 0.00037 0.000523 0.000369 0.00062 0.00037 0.000531 0.000388 0.000523 0.000369 0.000346 0.000602 0.000368 0.000602 0.000367 0.000707 0.000368 0.000602 0.000387 0.000699 0.000367 0.000707 0.000368 0.000602 0.000389 0.000602 0.000387 0.000699 0.000389 0.000602 0.000407 0.00069 0.000387 0.000699 0.000367 0.000707 0.000387 0.000699 0.000425 0.000796 0.000387 0.000699 0.000441 0.00078 0.000425 0.000796 0.000387 0.000699 0.000407 0.00069 0.000441 0.00078 0.000407 0.00069 0.000456 0.000765 0.000441 0.00078 0.000513 0.000857 0.000522 0.000836 0.000619 0.00088 0.000522 0.000836 0.00062 0.000857 0.000619 0.00088 0.000522 0.000836 0.000531 0.000816 0.00062 0.000857 0.000531 0.000816 0.00062 0.000835 0.00062 0.000857 0.000874 0.000709 0.000854 0.0007 0.000897 0.000604 0.000854 0.0007 0.000874 0.000603 0.000897 0.000604 0.000854 0.0007 0.000834 0.000692 0.000874 0.000603 0.000834 0.000692 0.000853 0.000603 0.000874 0.000603 0.000619 0.00088 0.00062 0.000857 0.000725 0.000857 0.00062 0.000857 0.000717 0.000837 0.000725 0.000857 0.00062 0.000857 0.00062 0.000835 0.000717 0.000837 0.00062 0.000835 0.000709 0.000817 0.000717 0.000837 0.000725 0.000857 0.000717 0.000837 0.000813 0.000797 0.000717 0.000837 0.000798 0.000781 0.000813 0.000797 0.000717 0.000837 0.000709 0.000817 0.000798 0.000781 0.000709 0.000817 0.000783 0.000766 0.000798 0.000781 0.000746 0.000602 0.00062 0.000602 0.000735 0.000492 0.00062 0.000602 0.00062 0.000484 0.000735 0.000492 0.00062 0.000602 0.000495 0.000602 0.00062 0.000484 0.000495 0.000602 0.000506 0.000493 0.00062 0.000484 0.000735 0.000712 0.00062 0.000721 0.000746 0.000602 0.00062 0.000721 0.00062 0.000602 0.000746 0.000602 0.00062 0.000721 0.000506 0.000712 0.00062 0.000602 0.000506 0.000712 0.000495 0.000602 0.00062 0.000602 0.000426 0.001068 0.000617 0.001107 0.000417 0.00109 0.000617 0.001107 0.000616 0.001131 0.000417 0.00109 0.000417 0.00109 0.000616 0.001131 0.000408 0.001113 0.000616 0.001131 0.000615 0.001156 0.000408 0.001113 0.000264 0.000962 0.000426 0.001068 0.000248 0.000979 0.000426 0.001068 0.000417 0.00109 0.000248 0.000979 0.000248 0.000979 0.000417 0.00109 0.00023 0.000996 0.000417 0.00109 0.000408 0.001113 0.00023 0.000996 0.000154 0.000801 0.000264 0.000962 0.000131 0.000811 0.000264 0.000962 0.000248 0.000979 0.000131 0.000811 0.000131 0.000811 0.000248 0.000979 0.000109 0.00082 0.000248 0.000979 0.00023 0.000996 0.000109 0.00082 0.000112 0.000609 0.000154 0.000801 0.000087 0.00061 0.000154 0.000801 0.000131 0.000811 0.000087 0.00061 0.000087 0.00061 0.000131 0.000811 0.000062 0.00061 0.000131 0.000811 0.000109 0.00082 0.000062 0.00061 0.000146 0.000414 0.000112 0.000609 0.000123 0.000405 0.000112 0.000609 0.000087 0.00061 0.000123 0.000405 0.000123 0.000405 0.000087 0.00061 0.0001 0.000396 0.000087 0.00061 0.000062 0.00061 0.0001 0.000396 0.000252 0.000246 0.000146 0.000414 0.000234 0.000229 0.000146 0.000414 0.000123 0.000405 0.000234 0.000229 0.000234 0.000229 0.000123 0.000405 0.000216 0.000212 0.000123 0.000405 0.0001 0.000396 0.000216 0.000212 0.000415 0.000131 0.000252 0.000246 0.000405 0.000108 0.000252 0.000246 0.000234 0.000229 0.000405 0.000108 0.000405 0.000108 0.000234 0.000229 0.000395 0.000085 0.000234 0.000229 0.000216 0.000212 0.000395 0.000085 0.000611 0.000087 0.000415 0.000131 0.000611 0.000062 0.000415 0.000131 0.000405 0.000108 0.000611 0.000062 0.000611 0.000062 0.000405 0.000108 0.00061 0.000036 0.000405 0.000108 0.000395 0.000085 0.00061 0.000036 0.00081 0.000121 0.000611 0.000087 0.000819 0.000098 0.000611 0.000087 0.000611 0.000062 0.000819 0.000098 0.000819 0.000098 0.000611 0.000062 0.000829 0.000074 0.000611 0.000062 0.00061 0.000036 0.000829 0.000074 0.000982 0.00023 0.00081 0.000121 0.000999 0.000212 0.00081 0.000121 0.000819 0.000098 0.000999 0.000212 0.000999 0.000212 0.000819 0.000098 0.001017 0.000193 0.000819 0.000098 0.000829 0.000074 0.001017 0.000193 0.001099 0.000397 0.000982 0.00023 0.001123 0.000387 0.000982 0.00023 0.000999 0.000212 0.001123 0.000387 0.001123 0.000387 0.000999 0.000212 0.001147 0.000377 0.000999 0.000212 0.001017 0.000193 0.001147 0.000377 0.001143 0.000599 0.001099 0.000397 0.001169 0.000598 0.001099 0.000397 0.001123 0.000387 0.001169 0.000598 0.001169 0.000598 0.001123 0.000387 0.001195 0.000598 0.001123 0.000387 0.001147 0.000377 0.001195 0.000598 0.001105 0.000803 0.001143 0.000599 0.001129 0.000813 0.001143 0.000599 0.001169 0.000598 0.001129 0.000813 0.001129 0.000813 0.001169 0.000598 0.001154 0.000823 0.001169 0.000598 0.001195 0.000598 0.001154 0.000823 0.00099 0.000975 0.001105 0.000803 0.001007 0.000994 0.001105 0.000803 0.001129 0.000813 0.001007 0.000994 0.001007 0.000994 0.001129 0.000813 0.001025 0.001013 0.001129 0.000813 0.001154 0.000823 0.001025 0.001013 0.000814 0.001079 0.00099 0.000975 0.000822 0.001103 0.00099 0.000975 0.001007 0.000994 0.000822 0.001103 0.000822 0.001103 0.001007 0.000994 0.00083 0.001127 0.001007 0.000994 0.001025 0.001013 0.00083 0.001127 0.000617 0.001107 0.000814 0.001079 0.000616 0.001131 0.000814 0.001079 0.000822 0.001103 0.000616 0.001131 0.000616 0.001131 0.000822 0.001103 0.000615 0.001156 0.000822 0.001103 0.00083 0.001127 0.000615 0.001156 0.000816 0.000407 0.000726 0.000347 0.000982 0.00023 0.000726 0.000347 0.00081 0.000121 0.000982 0.00023 0.000425 0.000796 0.000513 0.000857 0.000264 0.000962 0.000513 0.000857 0.000426 0.001068 0.000264 0.000962 0.000726 0.000347 0.00062 0.000326 0.00081 0.000121 0.00062 0.000326 0.000611 0.000087 0.00081 0.000121 0.000617 0.001107 0.000619 0.00088 0.000814 0.001079 0.000619 0.00088 0.000725 0.000857 0.000814 0.001079 0.000513 0.000857 0.000619 0.00088 0.000426 0.001068 0.000619 0.00088 0.000617 0.001107 0.000426 0.001068 0.00062 0.000326 0.000514 0.000348 0.000611 0.000087 0.000514 0.000348 0.000415 0.000131 0.000611 0.000087 0.000814 0.001079 0.000725 0.000857 0.00099 0.000975 0.000725 0.000857 0.000813 0.000797 0.00099 0.000975 0.000514 0.000348 0.000426 0.000408 0.000415 0.000131 0.000426 0.000408 0.000252 0.000246 0.000415 0.000131 0.000813 0.000797 0.000874 0.000709 0.00099 0.000975 0.000874 0.000709 0.001105 0.000803 0.00099 0.000975 0.000426 0.000408 0.000367 0.000497 0.000252 0.000246 0.000367 0.000497 0.000146 0.000414 0.000252 0.000246 0.000874 0.000709 0.000897 0.000604 0.001105 0.000803 0.000897 0.000604 0.001143 0.000599 0.001105 0.000803 0.000367 0.000497 0.000346 0.000602 0.000146 0.000414 0.000346 0.000602 0.000112 0.000609 0.000146 0.000414 0.000897 0.000604 0.000876 0.000497 0.001143 0.000599 0.000876 0.000497 0.001099 0.000397 0.001143 0.000599 0.000346 0.000602 0.000367 0.000707 0.000112 0.000609 0.000367 0.000707 0.000154 0.000801 0.000112 0.000609 0.000876 0.000497 0.000816 0.000407 0.001099 0.000397 0.000816 0.000407 0.000982 0.00023 0.001099 0.000397</float_array>
					<technique_common>
						<accessor source="#3066-mesh-map-0-array" count="2856" stride="2">
							<param name="S" type="float"/>
							<param name="T" type="float"/>
						</accessor>
					</technique_common>
				</source>
				<source id="3066-mesh-map-1">
					<float_array id="3066-mesh-map-1-array" count="5712">0 0 0 0 0 0 0 0 0 0 0 0 0 0 0 0 0 0 0 0 0 0 0 0 0 0 0 0 0 0 0 0 0 0 0 0 0 0 0 0 0 0 0 0 0 0 0 0 0 0 0 0 0 0 0 0 0 0 0 0 0 0 0 0 0 0 0 0 0 0 0 0 0 0 0 0 0 0 0 0 0 0 0 0 0 0 0 0 0 0 0 0 0 0 0 0 0 0 0 0 0 0 0 0 0 0 0 0 0.965 0.563 0.965 0.841 0.85 0.563 0.965 0.841 0.85 0.841 0.85 0.563 0 0 0 0 0 0 0 0 0 0 0 0 0.617 0.563 0.617 0.841 0.5 0.563 0.617 0.841 0.5 0.841 0.5 0.563 0 0 0 0 0 0 0 0 0 0 0 0 0.85 0.563 0.85 0.841 0.733 0.563 0.85 0.841 0.733 0.841 0.733 0.563 0 0 0 0 0 0 0 0 0 0 0 0 0 0 0 0 0 0 0 0 0 0 0 0 0 0 0 0 0 0 0 0 0 0 0 0 0 0 0 0 0 0 0 0 0 0 0 0 0 0 0 0 0 0 0 0 0 0 0 0 0.617 0.563 0.733 0.563 0.617 0.841 0.733 0.563 0.733 0.841 0.617 0.841 0 0 0 0 0 0 0 0 0 0 0 0 0 0 0 0 0 0 0 0 0 0 0 0 0 0 0 0 0 0 0 0 0 0 0 0 0 0 0 0 0 0 0 0 0 0 0 0 0 0 0 0 0 0 0 0 0 0 0 0 0 0 0 0 0 0 0 0 0 0 0 0 0 0 0 0 0 0 0 0 0 0 0 0 0 0 0 0 0 0 0 0 0 0 0 0 0 0 0 0 0 0 0 0 0 0 0 0 0 0 0 0 0 0 0 0 0 0 0 0 0 0 0 0 0 0 0 0 0 0 0 0 0 0 0 0 0 0 0 0 0 0 0 0 0.035 0.563 0.15 0.563 0.035 0.841 0.15 0.563 0.15 0.841 0.035 0.841 0 0 0 0 0 0 0 0 0 0 0 0 0.383 0.563 0.5 0.563 0.383 0.841 0.5 0.563 0.5 0.841 0.383 0.841 0 0 0 0 0 0 0 0 0 0 0 0 0.15 0.563 0.267 0.563 0.15 0.841 0.267 0.563 0.267 0.841 0.15 0.841 0 0 0 0 0 0 0 0 0 0 0 0 0 0 0 0 0 0 0 0 0 0 0 0 0 0 0 0 0 0 0 0 0 0 0 0 0 0 0 0 0 0 0 0 0 0 0 0 0 0 0 0 0 0 0 0 0 0 0 0 0.383 0.563 0.383 0.841 0.267 0.563 0.383 0.841 0.267 0.841 0.267 0.563 0 0 0 0 0 0 0 0 0 0 0 0 0 0 0 0 0 0 0 0 0 0 0 0 0 0 0 0 0 0 0 0 0 0 0 0 0 0 0 0 0 0 0 0 0 0 0 0 0 0 0 0 0 0 0 0 0 0 0 0 0 0 0 0 0 0 0 0 0 0 0 0 0 0 0 0 0 0 0 0 0 0 0 0 0 0 0 0 0 0 0 0 0 0 0 0 0 0 0 0 0 0 0 0 0 0 0 0 0 0 0 0 0 0 0 0 0 0 0 0 0 0 0 0 0 0 0 0 0 0 0 0 0 0 0 0 0 0 0 0 0 0 0 0 0.035 0.158 0.15 0.158 0.035 0.436 0.15 0.158 0.15 0.436 0.035 0.436 0 0 0 0 0 0 0 0 0 0 0 0 0.383 0.158 0.5 0.158 0.383 0.436 0.5 0.158 0.5 0.436 0.383 0.436 0 0 0 0 0 0 0 0 0 0 0 0 0.15 0.158 0.267 0.158 0.15 0.436 0.267 0.158 0.267 0.436 0.15 0.436 0 0 0 0 0 0 0 0 0 0 0 0 0 0 0 0 0 0 0 0 0 0 0 0 0 0 0 0 0 0 0 0 0 0 0 0 0 0 0 0 0 0 0 0 0 0 0 0 0 0 0 0 0 0 0 0 0 0 0 0 0.383 0.158 0.383 0.436 0.267 0.158 0.383 0.436 0.267 0.436 0.267 0.158 0 0 0 0 0 0 0 0 0 0 0 0 0 0 0 0 0 0 0 0 0 0 0 0 0 0 0 0 0 0 0 0 0 0 0 0 0 0 0 0 0 0 0 0 0 0 0 0 0 0 0 0 0 0 0 0 0 0 0 0 0 0 0 0 0 0 0 0 0 0 0 0 0 0 0 0 0 0 0 0 0 0 0 0 0 0 0 0 0 0 0 0 0 0 0 0 0 0 0 0 0 0 0 0 0 0 0 0 0 0 0 0 0 0 0 0 0 0 0 0 0 0 0 0 0 0 0 0 0 0 0 0 0 0 0 0 0 0 0 0 0 0 0 0 0.965 0.158 0.965 0.436 0.85 0.158 0.965 0.436 0.85 0.436 0.85 0.158 0 0 0 0 0 0 0 0 0 0 0 0 0.617 0.158 0.617 0.436 0.5 0.158 0.617 0.436 0.5 0.436 0.5 0.158 0 0 0 0 0 0 0 0 0 0 0 0 0.85 0.158 0.85 0.436 0.733 0.158 0.85 0.436 0.733 0.436 0.733 0.158 0 0 0 0 0 0 0 0 0 0 0 0 0 0 0 0 0 0 0 0 0 0 0 0 0 0 0 0 0 0 0 0 0 0 0 0 0 0 0 0 0 0 0 0 0 0 0 0 0 0 0 0 0 0 0 0 0 0 0 0 0.617 0.158 0.733 0.158 0.617 0.436 0.733 0.158 0.733 0.436 0.617 0.436 0 0 0 0 0 0 0 0 0 0 0 0 0 0 0 0 0 0 0 0 0 0 0 0 0 0 0 0 0 0 0 0 0 0 0 0 0 0 0 0 0 0 0 0 0 0 0 0 0 0 0 0 0 0 0 0 0 0 0 0 0 0 0 0 0 0 0 0 0 0 0 0 0 0 0 0 0 0 0 0 0 0 0 0 0 0 0 0 0 0 0 0 0 0 0 0 0 0 0 0 0 0 0 0 0 0 0 0 0 0 0 0 0 0 0 0 0 0 0 0 0 0 0 0 0 0 0 0 0 0 0 0 0 0 0 0 0 0 0 0 0 0 0 0 0 0 0 0 0 0 0 0 0 0 0 0 0 0 0 0 0 0 0 0 0 0 0 0 0 0 0 0 0 0 0 0 0 0 0 0 0 0 0 0 0 0 0 0 0 0 0 0 0 0 0 0 0 0 0 0 0 0 0 0 0 0 0 0 0 0 0 0 0 0 0 0 0 0 0 0 0 0 0 0 0 0 0 0 0 0 0 0 0 0 0 0 0 0 0 0 0 0 0 0 0 0 0 0 0 0 0 0 0 0 0 0 0 0 0 0 0 0 0 0 0 0 0 0 0 0 0 0 0 0 0 0 0 0 0 0 0 0 0 0 0 0 0 0 0 0 0 0 0 0 0 0 0 0 0 0 0 0 0 0 0 0 0 0 0 0 0 0 0 0 0 0 0 0 0 0 0 0 0 0 0 0 0 0 0 0 0 0 0 0 0 0 0 0 0 0 0 0 0 0 0 0 0 0 0 0 0 0 0 0 0 0 0 0 0 0 0 0 0 0 0 0 0 0 0 0 0 0 0 0 0 0 0 0 0 0 0 0 0 0 0 0 0 0 0 0 0 0 0 0 0 0 0 0 0 0 0 0 0 0 0 0 0 0 0 0 0 0 0 0 0 0 0 0 0 0 0 0 0 0 0 0 0 0 0 0 0 0 0 0 0 0 0 0 0 0 0 0 0 0 0 0 0 0 0 0 0 0 0 0 0 0 0 0 0 0 0 0 0 0 0 0 0 0 0 0 0 0 0 0 0 0 0 0 0 0 0 0 0 0 0 0 0 0 0 0 0 0 0 0 0 0 0 0 0 0 0 0 0 0 0 0 0 0 0 0 0 0 0 0 0 0 0 0 0 0 0 0 0 0 0 0 0 0 0 0 0 0 0 0 0 0 0 0 0 0 0 0 0 0 0 0 0 0 0 0 0 0 0 0 0 0 0 0 0 0 0 0 0 0 0 0 0 0 0 0 0 0 0 0 0 0 0 0 0 0 0 0 0 0 0 0 0 0 0 0 0 0 0 0 0 0 0 0 0 0 0 0 0 0 0 0 0 0 0 0 0 0 0 0 0 0 0 0 0 0 0 0 0 0 0 0 0 0 0 0 0 0 0 0 0 0 0 0 0 0 0 0 0 0 0 0 0 0 0 0 0 0 0 0 0 0 0 0 0 0 0 0 0 0 0 0 0 0 0 0 0 0 0 0 0 0 0 0 0 0 0 0 0 0 0 0 0 0 0 0 0 0 0 0 0 0 0 0 0 0 0 0 0 0 0 0 0 0 0 0 0 0 0 0 0 0 0 0 0 0 0 0 0 0 0 0 0 0 0 0 0 0 0 0 0 0 0 0 0 0 0 0 0 0 0 0 0 0 0 0 0 0 0 0 0 0 0 0 0 0 0 0 0 0 0 0 0 0 0 0 0 0 0 0 0 0 0 0 0 0 0 0 0 0 0 0 0 0 0 0 0 0 0 0 0 0 0 0 0 0 0 0 0 0 0 0 0 0 0 0 0 0 0 0 0 0 0 0 0 0 0 0 0 0 0 0 0 0 0 0 0 0 0 0 0 0 0 0 0 0 0 0 0 0 0 0 0 0 0 0 0 0 0 0 0 0 0 0 0 0 0 0 0 0 0 0 0 0 0 0 0 0 0 0 0 0 0 0 0 0 0 0 0 0 0 0 0 0 0 0 0 0 0 0 0 0 0 0 0 0 0 0 0 0 0 0 0 0 0 0 0 0 0 0 0 0 0 0 0 0 0 0 0 0 0 0 0 0 0 0 0 0 0 0 0 0 0 0 0 0 0 0 0 0 0 0 0 0 0 0 0 0 0 0 0 0 0 0 0 0 0 0 0 0 0 0 0 0 0 0 0 0 0 0 0 0 0 0 0 0 0 0 0 0 0 0 0 0 0 0 0 0 0 0 0 0 0 0 0 0 0 0 0 0 0 0 0 0 0 0 0 0 0 0 0 0 0 0 0 0 0 0 0 0 0 0 0 0 0 0 0 0 0 0 0 0 0 0 0 0 0 0 0 0 0 0 0 0 0 0 0 0 0 0 0 0 0 0 0 0 0 0 0 0 0 0 0 0 0 0 0 0 0 0 0 0 0 0 0 0 0 0 0 0 0 0 0 0 0 0 0 0 0 0 0 0 0 0 0 0 0 0 0 0 0 0 0 0 0 0 0 0 0 0 0 0 0 0 0 0 0 0 0 0 0 0 0 0 0 0 0 0 0 0 0 0 0 0 0 0 0 0 0 0 0 0 0 0 0 0 0 0 0 0 0 0 0 0 0 0 0 0 0 0 0 0 0 0 0 0 0 0 0 0 0 0 0 0 0 0 0 0 0 0 0 0 0 0 0 0 0 0 0 0 0 0 0 0 0 0 0 0 0 0 0 0 0 0 0 0 0 0 0 0 0 0 0 0 0 0 0 0 0 0 0 0 0 0 0 0 0 0 0 0 0 0 0 0 0 0 0 0 0 0 0 0 0 0 0 0 0 0 0 0 0 0 0 0 0 0 0 0 0 0 0 0 0 0 0 0 0 0 0 0 0 0 0 0 0 0 0 0 0 0 0 0 0 0 0 0 0 0 0 0 0 0 0 0 0 0 0 0 0 0 0 0 0 0 0 0 0 0 0 0 0 0 0 0 0 0 0 0 0 0 0 0 0 0 0 0 0 0 0 0 0 0 0 0 0 0 0 0 0 0 0 0 0 0 0 0 0 0 0 0 0 0 0 0 0 0 0 0 0 0 0 0 0 0 0 0 0 0 0 0 0 0 0 0 0 0 0 0 0 0 0 0 0 0 0 0 0 0 0 0 0 0 0 0 0 0 0 0 0 0 0 0 0 0 0 0 0 0 0 0 0 0 0 0 0 0 0 0 0 0 0 0 0 0 0 0 0 0 0 0 0 0 0 0 0 0 0 0 0 0 0 0 0 0 0 0 0 0 0 0 0 0 0 0 0 0 0 0 0 0 0 0 0 0 0 0 0 0 0 0 0 0 0 0 0 0 0 0 0 0 0 0 0 0 0 0 0 0 0 0 0 0 0 0 0 0 0 0 0 0 0 0 0 0 0 0 0 0 0 0 0 0 0 0 0 0 0 0 0 0 0 0 0 0 0 0 0 0 0 0 0 0 0 0 0 0 0 0 0 0 0 0 0 0 0 0 0 0 0 0 0 0 0 0 0 0 0 0 0 0 0 0 0 0 0 0 0 0 0 0 0 0 0 0 0 0 0 0 0 0 0 0 0 0 0 0 0 0 0 0 0 0 0 0 0 0 0 0 0 0 0 0 0 0 0 0 0 0 0 0 0 0 0 0 0 0 0 0 0 0 0 0 0 0 0 0 0 0 0 0 0 0 0 0 0 0 0 0 0 0 0 0 0 0 0 0 0 0 0 0 0 0 0 0 0 0 0 0 0 0 0 0 0 0 0 0 0 0 0 0 0 0 0 0 0 0 0 0 0 0 0 0 0 0 0 0 0 0 0 0 0 0 0 0 0 0 0 0 0 0 0 0 0 0 0 0 0 0 0 0 0 0 0 0 0 0 0 0 0 0 0 0 0 0 0 0 0 0 0 0 0 0 0 0 0 0 0 0 0 0 0 0 0 0 0 0 0 0 0 0 0 0 0 0 0 0 0 0 0 0 0 0 0 0 0 0 0 0 0 0 0 0 0 0 0 0 0 0 0 0 0 0 0 0 0 0 0 0 0 0 0 0 0 0 0 0 0 0 0 0 0 0 0 0 0 0 0 0 0 0 0 0 0 0 0 0 0 0 0 0 0 0 0 0 0 0 0 0 0 0 0 0 0 0 0 0 0 0 0 0 0 0 0 0 0 0 0 0 0 0 0 0 0 0 0 0 0 0 0 0 0 0 0 0 0 0 0 0 0 0 0 0 0 0 0 0 0 0 0 0 0 0 0 0 0 0 0 0 0 0 0 0 0 0 0 0 0 0 0 0 0 0 0 0 0 0 0 0 0 0 0 0 0 0 0 0 0 0 0 0 0 0 0 0 0 0 0 0 0 0 0 0 0 0 0 0 0 0 0 0 0 0 0 0 0 0 0 0 0 0 0 0 0 0 0 0 0 0 0 0 0 0 0 0 0 0 0 0 0 0 0 0 0 0 0 0 0 0 0 0 0 0 0 0 0 0 0 0 0 0 0 0 0 0 0 0 0 0 0 0 0 0 0 0 0 0 0 0 0 0 0 0 0 0 0 0 0 0 0 0 0 0 0 0 0 0 0 0 0 0 0 0 0 0 0 0 0 0 0 0 0 0 0 0 0 0 0 0 0 0 0 0 0 0 0 0 0 0 0 0 0 0 0 0 0 0 0 0 0 0 0 0 0 0 0 0 0 0 0 0 0 0 0 0 0 0 0 0 0 0 0 0 0 0 0 0 0 0 0 0 0 0 0 0 0 0 0 0 0 0 0 0 0 0 0 0 0 0 0 0 0 0 0 0 0 0 0 0 0 0 0 0 0 0 0 0 0 0 0 0 0 0 0 0 0 0 0 0 0 0 0 0 0 0 0 0 0 0 0 0 0 0 0 0 0 0 0 0 0 0 0 0 0 0 0 0 0 0 0 0 0 0 0 0 0 0 0 0 0 0 0 0 0 0 0 0 0 0 0 0 0 0 0 0 0 0 0 0 0 0 0 0 0 0 0 0 0 0 0 0 0 0 0 0 0 0 0 0 0 0 0 0 0 0 0 0 0 0 0 0 0 0 0 0 0 0 0 0 0 0 0 0 0 0 0 0 0 0 0 0 0 0 0 0 0 0 0 0 0 0 0 0 0 0 0 0 0 0 0 0 0 0 0 0 0 0 0 0 0 0 0 0 0 0 0 0 0 0 0 0 0 0 0 0 0 0 0 0 0 0 0 0 0 0 0 0 0 0 0 0 0 0 0 0 0 0 0 0 0 0 0 0 0 0 0 0 0 0 0 0 0 0 0 0 0 0 0 0 0 0 0 0 0 0 0 0 0 0 0 0 0 0 0 0 0 0 0 0 0 0 0 0 0 0 0 0 0 0 0 0 0 0 0 0 0 0 0 0 0 0 0 0 0 0 0 0 0 0 0 0 0 0 0 0 0 0 0 0 0 0 0 0 0 0 0 0 0 0 0 0 0 0 0 0 0 0 0 0 0 0 0 0 0 0 0 0 0 0 0 0 0 0 0 0 0 0 0 0 0 0 0 0 0 0 0 0 0 0 0 0 0 0 0 0 0 0 0 0 0 0 0 0 0 0 0 0 0 0 0 0 0 0 0 0 0 0 0 0 0 0 0 0 0 0 0 0 0 0 0 0 0 0 0 0 0 0 0 0 0 0 0 0 0 0 0 0 0 0 0 0 0 0 0 0 0 0 0 0 0 0 0 0 0 0 0 0 0 0 0 0 0 0 0 0 0 0 0 0 0 0 0 0 0 0 0 0 0 0 0 0 0 0 0 0 0 0 0 0 0 0 0 0 0 0 0 0 0 0 0 0 0 0 0 0 0 0 0 0 0 0 0 0 0 0 0 0 0 0 0 0 0 0 0 0 0 0 0 0 0 0 0 0 0 0 0 0 0 0 0 0 0 0 0 0 0 0 0 0 0 0 0 0 0 0 0 0 0 0 0 0 0 0 0 0 0 0 0 0 0 0 0 0 0 0 0 0 0 0 0 0 0 0 0 0 0 0 0 0 0 0 0 0 0 0 0 0 0 0 0 0 0 0 0 0 0 0 0 0 0 0 0 0 0 0 0 0 0 0 0 0 0 0 0 0 0 0 0 0 0 0 0 0 0 0 0 0 0 0 0 0 0 0 0 0 0 0 0 0 0 0 0 0 0 0 0 0 0 0 0 0 0 0 0 0 0 0 0 0 0 0 0 0 0 0 0 0 0 0 0 0 0 0 0 0 0 0 0 0 0 0 0 0 0 0 0 0 0 0 0 0 0 0 0 0 0 0 0 0 0 0 0 0 0 0 0 0 0 0 0 0 0 0 0 0 0 0 0 0 0 0 0 0 0 0 0 0 0 0 0 0 0 0 0 0 0 0 0 0 0 0 0 0 0 0 0 0 0 0 0 0 0 0 0 0 0 0 0 0 0 0 0 0 0 0 0 0 0 0 0 0 0 0 0 0 0 0 0 0 0 0 0 0 0 0 0 0 0 0 0 0 0 0 0 0 0 0 0 0 0 0 0 0 0 0 0 0 0 0 0 0 0 0 0 0 0 0 0 0 0 0 0 0 0 0 0 0 0 0 0 0 0 0 0 0 0 0 0 0 0 0 0 0 0 0 0 0 0 0 0 0 0 0 0 0 0 0 0 0 0 0 0 0 0 0 0 0 0 0 0 0 0 0 0 0 0 0 0 0 0 0 0 0 0 0 0 0 0 0 0 0 0 0 0 0 0 0 0 0 0 0 0 0 0 0 0 0 0 0 0 0 0 0 0 0 0 0 0 0 0 0 0 0 0 0 0 0 0 0 0 0 0 0 0 0 0 0 0 0 0 0 0 0 0 0 0 0 0 0 0 0 0 0 0 0 0 0 0 0 0 0 0 0 0 0 0 0 0 0 0 0 0 0 0 0 0 0 0 0 0 0 0 0 0 0 0 0 0 0 0 0 0 0 0 0 0 0 0 0 0 0 0 0 0 0 0 0 0 0 0 0 0 0 0 0 0 0 0 0 0 0 0 0 0 0 0 0 0 0 0 0 0 0 0 0 0 0 0 0 0 0 0 0 0 0 0 0 0 0 0 0 0 0 0 0 0 0 0 0 0 0 0 0 0 0 0 0 0 0 0 0 0 0 0 0 0 0 0 0 0 0 0 0 0 0 0 0 0 0 0 0 0 0 0 0 0 0 0 0 0 0 0 0 0 0 0 0 0 0 0 0 0 0 0 0 0 0 0 0 0 0 0 0 0 0 0 0 0 0 0 0 0 0 0 0 0 0 0 0 0 0 0 0 0 0 0 0 0 0 0 0 0 0 0 0 0 0 0 0 0 0 0 0 0 0 0 0 0 0 0 0 0 0 0 0 0 0 0 0 0 0 0 0 0 0 0 0 0 0 0 0 0 0 0 0 0 0 0 0 0 0 0 0 0 0 0 0 0 0 0 0 0 0 0 0 0 0 0 0 0 0 0 0 0 0 0 0 0 0 0 0 0 0 0 0 0 0 0 0 0 0 0 0 0 0 0 0 0 0 0 0 0 0 0 0 0 0 0 0 0 0 0 0 0 0 0 0 0 0 0 0 0 0 0 0 0 0 0 0 0 0 0 0 0 0 0 0 0 0 0 0 0 0 0 0 0 0 0 0 0 0 0 0 0 0 0 0 0 0 0 0 0 0 0 0 0 0 0 0 0 0 0 0 0 0 0 0 0 0 0 0 0 0 0 0 0 0 0 0 0 0 0 0 0 0 0 0 0 0 0 0 0 0 0 0 0 0 0 0 0 0 0 0 0 0 0 0 0 0 0 0 0 0 0 0 0 0 0 0 0 0 0 0 0 0 0 0 0 0 0 0 0 0 0 0 0 0 0 0 0 0 0 0 0 0 0 0 0 0 0 0 0 0 0 0 0 0 0 0 0 0 0 0 0 0 0 0 0 0 0 0 0 0 0 0 0 0 0 0 0 0 0 0 0 0 0 0 0 0 0 0 0 0 0 0 0 0 0 0 0 0 0 0 0 0 0 0 0 0 0 0 0 0 0 0 0 0 0 0 0 0 0 0 0 0 0 0 0 0 0 0 0 0 0 0 0 0 0 0 0 0 0 0 0 0 0 0 0 0 0 0 0 0 0 0 0 0 0 0 0 0 0 0 0 0 0 0 0 0 0 0 0 0 0 0 0 0 0 0 0 0 0 0 0 0 0 0 0 0 0 0 0 0 0 0 0 0 0 0 0 0 0 0 0 0 0 0 0 0 0 0 0 0 0 0 0 0 0 0 0 0 0 0 0 0 0 0 0 0 0 0 0 0 0 0 0 0 0 0 0 0 0 0 0 0 0 0 0 0 0 0 0 0 0 0 0 0 0 0 0 0 0 0 0 0 0 0 0 0 0 0 0 0 0 0 0 0 0 0 0 0 0 0 0 0 0 0 0 0 0 0 0 0 0 0 0 0 0 0 0 0 0 0 0 0 0 0 0 0 0 0 0 0 0 0 0 0 0 0 0 0 0 0 0 0 0 0 0 0 0 0 0 0 0 0 0 0 0 0 0 0 0 0 0 0 0 0 0 0 0 0 0 0 0 0 0 0 0 0 0 0 0 0 0 0 0 0 0 0 0 0 0 0 0 0 0 0 0 0 0 0 0 0 0 0 0 0 0 0 0 0 0 0 0 0 0 0 0 0 0 0 0 0 0 0 0 0 0 0 0 0 0 0 0 0 0 0 0 0 0 0 0 0 0 0 0 0 0 0 0 0 0 0 0 0 0 0 0 0 0 0 0 0 0 0 0 0 0 0 0 0 0 0 0 0 0 0 0 0 0 0 0 0 0 0 0 0 0 0 0 0 0 0 0 0 0 0 0 0 0 0 0 0 0 0 0 0 0 0 0 0 0 0 0 0 0 0 0 0 0 0 0 0 0 0 0 0 0 0 0 0 0 0 0 0 0 0 0 0 0 0 0 0 0 0 0 0 0 0 0 0 0 0 0 0 0 0 0 0 0 0 0 0 0 0 0 0 0 0 0 0 0 0 0 0 0 0 0 0 0 0 0 0 0 0 0 0 0 0 0 0 0 0 0 0 0 0 0 0 0 0 0 0 0 0 0 0 0 0 0 0 0 0 0 0 0 0 0 0 0 0 0 0 0 0 0 0 0 0 0 0 0 0 0 0 0 0 0 0 0 0 0 0 0 0 0 0 0 0 0 0 0 0 0 0 0 0 0 0 0 0 0 0 0 0 0 0 0 0 0 0 0 0 0 0 0 0 0 0 0 0 0 0 0 0 0 0 0 0 0 0 0 0 0 0 0 0 0 0 0 0 0 0 0 0 0 0 0 0 0 0 0 0 0 0 0 0 0 0 0 0 0 0 0 0 0 0 0 0 0 0 0 0 0 0 0 0 0 0 0 0 0 0 0 0 0 0 0 0 0 0 0 0 0 0 0 0 0 0 0 0 0 0 0 0 0 0 0 0 0 0 0 0 0 0 0 0 0 0 0 0 0 0 0 0 0 0 0 0 0 0 0 0 0 0 0 0 0 0 0 0 0 0 0 0 0 0 0 0 0 0 0 0 0 0 0 0 0 0 0 0 0 0 0 0 0 0 0 0 0 0 0 0 0 0 0 0 0 0 0 0 0 0 0 0 0 0 0 0 0 0 0 0 0 0 0 0 0 0 0 0 0 0 0 0 0 0 0 0 0 0 0 0 0 0 0 0 0 0 0 0 0 0 0 0 0 0 0 0 0 0 0 0 0 0 0 0 0 0 0 0 0 0 0 0 0 0 0 0 0 0 0 0 0 0 0 0 0 0 0 0 0 0 0 0 0 0 0 0 0 0 0 0 0 0 0 0 0 0 0 0 0 0 0 0 0 0 0 0 0 0 0 0 0 0 0 0 0 0 0 0 0 0 0 0 0 0 0 0 0 0 0 0 0 0 0 0 0 0 0 0 0 0 0 0 0 0 0 0 0 0 0 0 0 0 0 0 0 0 0 0 0 0 0 0 0 0 0 0 0 0 0 0 0 0 0 0 0 0 0 0 0 0 0 0 0 0 0 0 0 0 0 0 0 0 0 0 0 0 0 0 0 0 0 0 0 0 0 0 0 0 0 0 0 0 0 0 0 0 0 0 0 0 0 0 0 0 0 0 0 0 0 0 0 0 0 0 0 0 0 0 0 0 0 0 0 0 0 0 0 0 0 0 0 0 0 0 0 0 0 0 0 0 0 0 0 0 0 0 0 0 0 0 0 0 0 0 0 0 0 0 0 0 0 0 0 0 0 0 0 0 0 0 0 0 0 0 0 0 0 0 0 0 0 0 0 0 0 0 0 0 0 0 0 0 0 0 0 0 0 0 0 0 0 0 0 0 0 0 0 0 0 0 0 0 0 0 0 0 0 0 0 0 0 0 0 0 0 0 0 0 0 0 0 0 0 0 0 0 0 0 0 0 0 0 0 0 0 0 0 0</float_array>
					<technique_common>
						<accessor source="#3066-mesh-map-1-array" count="2856" stride="2">
							<param name="S" type="float"/>
							<param name="T" type="float"/>
						</accessor>
					</technique_common>
				</source>
				<vertices id="3066-mesh-vertices">
					<input semantic="POSITION" source="#3066-mesh-positions"/>
				</vertices>
				<triangles material="MB|5-material" count="952">
					<input semantic="VERTEX" source="#3066-mesh-vertices" offset="0"/>
					<input semantic="TEXCOORD" source="#3066-mesh-map-0" offset="1" set="0"/>
					<input semantic="TEXCOORD" source="#3066-mesh-map-1" offset="1" set="1"/>
					<p>94 0 104 1 95 2 104 3 97 4 95 5 105 6 52 7 99 8 52 9 96 10 99 11 108 12 121 13 96 14 121 15 99 16 96 17 5 18 109 19 100 20 109 21 101 22 100 23 2 24 102 25 54 26 102 27 103 28 54 29 107 30 98 31 56 32 98 33 53 34 56 35 106 36 107 37 60 38 107 39 56 40 60 41 110 42 120 43 5 44 120 45 109 46 5 47 8 48 13 49 108 50 13 51 121 52 108 53 0 54 1 55 6 56 1 57 4 58 6 59 55 60 3 61 58 62 3 63 7 64 58 65 14 66 15 67 33 68 15 69 31 70 33 71 58 72 7 73 61 74 7 75 9 76 61 77 6 78 4 79 113 80 4 81 10 82 113 83 57 84 12 85 82 86 12 87 116 88 82 89 106 90 60 91 117 92 60 93 59 94 117 95 110 96 11 97 120 98 11 99 115 100 120 101 8 102 112 103 13 104 112 105 111 106 13 107 57 108 61 109 12 110 61 111 9 112 12 113 14 114 113 115 15 116 113 117 10 118 15 119 118 120 114 121 112 122 114 123 111 124 112 125 30 126 32 127 11 128 32 129 115 130 11 131 119 132 117 133 83 134 117 135 59 136 83 137 122 138 123 139 132 140 123 141 125 142 132 143 133 144 127 145 84 146 127 147 124 148 84 149 136 150 124 151 145 152 124 153 127 154 145 155 21 156 128 157 137 158 128 159 129 160 137 161 18 162 86 163 130 164 86 165 131 166 130 167 135 168 88 169 126 170 88 171 85 172 126 173 134 174 92 175 135 176 92 177 88 178 135 179 138 180 21 181 144 182 21 183 137 184 144 185 24 186 136 187 29 188 136 189 145 190 29 191 16 192 22 193 17 194 22 195 20 196 17 197 87 198 90 199 19 200 90 201 23 202 19 203 34 204 33 205 35 206 33 207 31 208 35 209 90 210 93 211 23 212 93 213 25 214 23 215 22 216 141 217 20 218 141 219 26 220 20 221 89 222 82 223 28 224 82 225 116 226 28 227 134 228 143 229 92 230 143 231 91 232 92 233 138 234 144 235 27 236 144 237 142 238 27 239 24 240 29 241 140 242 29 243 139 244 140 245 89 246 28 247 93 248 28 249 25 250 93 251 34 252 35 253 141 254 35 255 26 256 141 257 118 258 140 259 114 260 140 261 139 262 114 263 30 264 27 265 32 266 27 267 142 268 32 269 119 270 83 271 143 272 83 273 91 274 143 275 94 276 146 277 104 278 146 279 148 280 104 281 105 282 150 283 52 284 150 285 147 286 52 287 156 288 147 289 169 290 147 291 150 292 169 293 41 294 151 295 157 296 151 297 152 298 157 299 38 300 54 301 153 302 54 303 103 304 153 305 155 306 56 307 149 308 56 309 53 310 149 311 154 312 60 313 155 314 60 315 56 316 155 317 158 318 41 319 168 320 41 321 157 322 168 323 44 324 156 325 49 326 156 327 169 328 49 329 36 330 42 331 37 332 42 333 40 334 37 335 55 336 58 337 39 338 58 339 43 340 39 341 50 342 79 343 51 344 79 345 77 346 51 347 58 348 61 349 43 350 61 351 45 352 43 353 42 354 161 355 40 356 161 357 46 358 40 359 57 360 82 361 48 362 82 363 164 364 48 365 154 366 165 367 60 368 165 369 59 370 60 371 158 372 168 373 47 374 168 375 163 376 47 377 44 378 49 379 160 380 49 381 159 382 160 383 57 384 48 385 61 386 48 387 45 388 61 389 50 390 51 391 161 392 51 393 46 394 161 395 166 396 160 397 162 398 160 399 159 400 162 401 76 402 47 403 78 404 47 405 163 406 78 407 167 408 83 409 165 410 83 411 59 412 165 413 122 414 132 415 170 416 132 417 172 418 170 419 133 420 84 421 174 422 84 423 171 424 174 425 180 426 189 427 171 428 189 429 174 430 171 431 67 432 181 433 175 434 181 435 176 436 175 437 64 438 177 439 86 440 177 441 131 442 86 443 179 444 173 445 88 446 173 447 85 448 88 449 178 450 179 451 92 452 179 453 88 454 92 455 182 456 188 457 67 458 188 459 181 460 67 461 70 462 75 463 180 464 75 465 189 466 180 467 62 468 63 469 68 470 63 471 66 472 68 473 87 474 65 475 90 476 65 477 69 478 90 479 80 480 81 481 79 482 81 483 77 484 79 485 90 486 69 487 93 488 69 489 71 490 93 491 68 492 66 493 185 494 66 495 72 496 185 497 89 498 74 499 82 500 74 501 164 502 82 503 178 504 92 505 187 506 92 507 91 508 187 509 182 510 73 511 188 512 73 513 186 514 188 515 70 516 184 517 75 518 184 519 183 520 75 521 89 522 93 523 74 524 93 525 71 526 74 527 80 528 185 529 81 530 185 531 72 532 81 533 166 534 162 535 184 536 162 537 183 538 184 539 76 540 78 541 73 542 78 543 186 544 73 545 167 546 187 547 83 548 187 549 91 550 83 551 197 552 240 553 199 554 240 555 239 556 199 557 226 558 230 559 257 560 230 561 254 562 257 563 245 564 224 565 244 566 224 567 221 568 244 569 241 570 244 571 212 572 244 573 214 574 212 575 229 576 227 577 233 578 227 579 246 580 233 581 236 582 243 583 191 584 243 585 240 586 191 587 244 588 221 589 214 590 221 591 218 592 214 593 203 594 238 595 206 596 238 597 209 598 206 599 233 600 246 601 236 602 246 603 243 604 236 605 246 606 227 607 245 608 227 609 224 610 245 611 191 612 240 613 193 614 240 615 197 616 193 617 199 618 239 619 203 620 239 621 238 622 203 623 238 624 241 625 209 626 241 627 212 628 209 629 194 630 195 631 196 632 195 633 198 634 196 635 195 636 193 637 198 638 193 639 197 640 198 641 200 642 201 643 202 644 201 645 204 646 202 647 201 648 199 649 204 650 199 651 203 652 204 653 215 654 216 655 217 656 216 657 219 658 217 659 216 660 214 661 219 662 214 663 218 664 219 665 202 666 204 667 205 668 204 669 207 670 205 671 204 672 203 673 207 674 203 675 206 676 207 677 205 678 207 679 208 680 207 681 210 682 208 683 207 684 206 685 210 686 206 687 209 688 210 689 217 690 219 691 220 692 219 693 222 694 220 695 219 696 218 697 222 698 218 699 221 700 222 701 220 702 222 703 223 704 222 705 225 706 223 707 222 708 221 709 225 710 221 711 224 712 225 713 230 714 231 715 232 716 231 717 234 718 232 719 231 720 229 721 234 722 229 723 233 724 234 725 208 726 210 727 211 728 210 729 213 730 211 731 210 732 209 733 213 734 209 735 212 736 213 737 211 738 213 739 215 740 213 741 216 742 215 743 213 744 212 745 216 746 212 747 214 748 216 749 223 750 225 751 226 752 225 753 228 754 226 755 225 756 224 757 228 758 224 759 227 760 228 761 226 762 228 763 230 764 228 765 231 766 230 767 228 768 227 769 231 770 227 771 229 772 231 773 232 774 234 775 235 776 234 777 237 778 235 779 234 780 233 781 237 782 233 783 236 784 237 785 196 786 198 787 200 788 198 789 201 790 200 791 198 792 197 793 201 794 197 795 199 796 201 797 235 798 237 799 190 800 237 801 192 802 190 803 237 804 236 805 192 806 236 807 191 808 192 809 190 810 192 811 194 812 192 813 195 814 194 815 192 816 191 817 195 818 191 819 193 820 195 821 239 822 242 823 238 824 242 825 241 826 238 827 242 828 245 829 241 830 245 831 244 832 241 833 240 834 243 835 239 836 243 837 242 838 239 839 243 840 246 841 242 842 246 843 245 844 242 845 251 846 247 847 252 848 247 849 249 850 252 851 252 852 249 853 250 854 249 855 248 856 250 857 254 858 251 859 255 860 251 861 252 862 255 863 255 864 252 865 253 866 252 867 250 868 253 869 257 870 254 871 258 872 254 873 255 874 258 875 258 876 255 877 256 878 255 879 253 880 256 881 260 882 257 883 261 884 257 885 258 886 261 887 261 888 258 889 259 890 258 891 256 892 259 893 263 894 260 895 264 896 260 897 261 898 264 899 264 900 261 901 262 902 261 903 259 904 262 905 266 906 263 907 267 908 263 909 264 910 267 911 267 912 264 913 265 914 264 915 262 916 265 917 269 918 266 919 270 920 266 921 267 922 270 923 270 924 267 925 268 926 267 927 265 928 268 929 272 930 269 931 273 932 269 933 270 934 273 935 273 936 270 937 271 938 270 939 268 940 271 941 275 942 272 943 276 944 272 945 273 946 276 947 276 948 273 949 274 950 273 951 271 952 274 953 278 954 275 955 279 956 275 957 276 958 279 959 279 960 276 961 277 962 276 963 274 964 277 965 281 966 278 967 282 968 278 969 279 970 282 971 282 972 279 973 280 974 279 975 277 976 280 977 284 978 281 979 285 980 281 981 282 982 285 983 285 984 282 985 283 986 282 987 280 988 283 989 287 990 284 991 288 992 284 993 285 994 288 995 288 996 285 997 286 998 285 999 283 1000 286 1001 290 1002 287 1003 291 1004 287 1005 288 1006 291 1007 291 1008 288 1009 289 1010 288 1011 286 1012 289 1013 293 1014 290 1015 294 1016 290 1017 291 1018 294 1019 294 1020 291 1021 292 1022 291 1023 289 1024 292 1025 247 1026 293 1027 249 1028 293 1029 294 1030 249 1031 249 1032 294 1033 248 1034 294 1035 292 1036 248 1037 205 1038 208 1039 278 1040 208 1041 275 1042 278 1043 230 1044 232 1045 254 1046 232 1047 251 1048 254 1049 208 1050 211 1051 275 1052 211 1053 272 1054 275 1055 247 1056 235 1057 293 1058 235 1059 190 1060 293 1061 232 1062 235 1063 251 1064 235 1065 247 1066 251 1067 211 1068 215 1069 272 1070 215 1071 269 1072 272 1073 293 1074 190 1075 290 1076 190 1077 194 1078 290 1079 215 1080 217 1081 269 1082 217 1083 266 1084 269 1085 194 1086 196 1087 290 1088 196 1089 287 1090 290 1091 217 1092 220 1093 266 1094 220 1095 263 1096 266 1097 196 1098 200 1099 287 1100 200 1101 284 1102 287 1103 220 1104 223 1105 263 1106 223 1107 260 1108 263 1109 200 1110 202 1111 284 1112 202 1113 281 1114 284 1115 223 1116 226 1117 260 1118 226 1119 257 1120 260 1121 202 1122 205 1123 281 1124 205 1125 278 1126 281 1127 302 1128 345 1129 304 1130 345 1131 344 1132 304 1133 331 1134 335 1135 362 1136 335 1137 359 1138 362 1139 350 1140 329 1141 349 1142 329 1143 326 1144 349 1145 346 1146 349 1147 317 1148 349 1149 319 1150 317 1151 334 1152 332 1153 338 1154 332 1155 351 1156 338 1157 341 1158 348 1159 296 1160 348 1161 345 1162 296 1163 349 1164 326 1165 319 1166 326 1167 323 1168 319 1169 308 1170 343 1171 311 1172 343 1173 314 1174 311 1175 338 1176 351 1177 341 1178 351 1179 348 1180 341 1181 351 1182 332 1183 350 1184 332 1185 329 1186 350 1187 296 1188 345 1189 298 1190 345 1191 302 1192 298 1193 304 1194 344 1195 308 1196 344 1197 343 1198 308 1199 343 1200 346 1201 314 1202 346 1203 317 1204 314 1205 299 1206 300 1207 301 1208 300 1209 303 1210 301 1211 300 1212 298 1213 303 1214 298 1215 302 1216 303 1217 305 1218 306 1219 307 1220 306 1221 309 1222 307 1223 306 1224 304 1225 309 1226 304 1227 308 1228 309 1229 320 1230 321 1231 322 1232 321 1233 324 1234 322 1235 321 1236 319 1237 324 1238 319 1239 323 1240 324 1241 307 1242 309 1243 310 1244 309 1245 312 1246 310 1247 309 1248 308 1249 312 1250 308 1251 311 1252 312 1253 310 1254 312 1255 313 1256 312 1257 315 1258 313 1259 312 1260 311 1261 315 1262 311 1263 314 1264 315 1265 322 1266 324 1267 325 1268 324 1269 327 1270 325 1271 324 1272 323 1273 327 1274 323 1275 326 1276 327 1277 325 1278 327 1279 328 1280 327 1281 330 1282 328 1283 327 1284 326 1285 330 1286 326 1287 329 1288 330 1289 335 1290 336 1291 337 1292 336 1293 339 1294 337 1295 336 1296 334 1297 339 1298 334 1299 338 1300 339 1301 313 1302 315 1303 316 1304 315 1305 318 1306 316 1307 315 1308 314 1309 318 1310 314 1311 317 1312 318 1313 316 1314 318 1315 320 1316 318 1317 321 1318 320 1319 318 1320 317 1321 321 1322 317 1323 319 1324 321 1325 328 1326 330 1327 331 1328 330 1329 333 1330 331 1331 330 1332 329 1333 333 1334 329 1335 332 1336 333 1337 331 1338 333 1339 335 1340 333 1341 336 1342 335 1343 333 1344 332 1345 336 1346 332 1347 334 1348 336 1349 337 1350 339 1351 340 1352 339 1353 342 1354 340 1355 339 1356 338 1357 342 1358 338 1359 341 1360 342 1361 301 1362 303 1363 305 1364 303 1365 306 1366 305 1367 303 1368 302 1369 306 1370 302 1371 304 1372 306 1373 340 1374 342 1375 295 1376 342 1377 297 1378 295 1379 342 1380 341 1381 297 1382 341 1383 296 1384 297 1385 295 1386 297 1387 299 1388 297 1389 300 1390 299 1391 297 1392 296 1393 300 1394 296 1395 298 1396 300 1397 344 1398 347 1399 343 1400 347 1401 346 1402 343 1403 347 1404 350 1405 346 1406 350 1407 349 1408 346 1409 345 1410 348 1411 344 1412 348 1413 347 1414 344 1415 348 1416 351 1417 347 1418 351 1419 350 1420 347 1421 356 1422 352 1423 357 1424 352 1425 354 1426 357 1427 357 1428 354 1429 355 1430 354 1431 353 1432 355 1433 359 1434 356 1435 360 1436 356 1437 357 1438 360 1439 360 1440 357 1441 358 1442 357 1443 355 1444 358 1445 362 1446 359 1447 363 1448 359 1449 360 1450 363 1451 363 1452 360 1453 361 1454 360 1455 358 1456 361 1457 365 1458 362 1459 366 1460 362 1461 363 1462 366 1463 366 1464 363 1465 364 1466 363 1467 361 1468 364 1469 368 1470 365 1471 369 1472 365 1473 366 1474 369 1475 369 1476 366 1477 367 1478 366 1479 364 1480 367 1481 371 1482 368 1483 372 1484 368 1485 369 1486 372 1487 372 1488 369 1489 370 1490 369 1491 367 1492 370 1493 374 1494 371 1495 375 1496 371 1497 372 1498 375 1499 375 1500 372 1501 373 1502 372 1503 370 1504 373 1505 377 1506 374 1507 378 1508 374 1509 375 1510 378 1511 378 1512 375 1513 376 1514 375 1515 373 1516 376 1517 380 1518 377 1519 381 1520 377 1521 378 1522 381 1523 381 1524 378 1525 379 1526 378 1527 376 1528 379 1529 383 1530 380 1531 384 1532 380 1533 381 1534 384 1535 384 1536 381 1537 382 1538 381 1539 379 1540 382 1541 386 1542 383 1543 387 1544 383 1545 384 1546 387 1547 387 1548 384 1549 385 1550 384 1551 382 1552 385 1553 389 1554 386 1555 390 1556 386 1557 387 1558 390 1559 390 1560 387 1561 388 1562 387 1563 385 1564 388 1565 392 1566 389 1567 393 1568 389 1569 390 1570 393 1571 393 1572 390 1573 391 1574 390 1575 388 1576 391 1577 395 1578 392 1579 396 1580 392 1581 393 1582 396 1583 396 1584 393 1585 394 1586 393 1587 391 1588 394 1589 398 1590 395 1591 399 1592 395 1593 396 1594 399 1595 399 1596 396 1597 397 1598 396 1599 394 1600 397 1601 352 1602 398 1603 354 1604 398 1605 399 1606 354 1607 354 1608 399 1609 353 1610 399 1611 397 1612 353 1613 310 1614 313 1615 383 1616 313 1617 380 1618 383 1619 335 1620 337 1621 359 1622 337 1623 356 1624 359 1625 313 1626 316 1627 380 1628 316 1629 377 1630 380 1631 352 1632 340 1633 398 1634 340 1635 295 1636 398 1637 337 1638 340 1639 356 1640 340 1641 352 1642 356 1643 316 1644 320 1645 377 1646 320 1647 374 1648 377 1649 398 1650 295 1651 395 1652 295 1653 299 1654 395 1655 320 1656 322 1657 374 1658 322 1659 371 1660 374 1661 299 1662 301 1663 395 1664 301 1665 392 1666 395 1667 322 1668 325 1669 371 1670 325 1671 368 1672 371 1673 301 1674 305 1675 392 1676 305 1677 389 1678 392 1679 325 1680 328 1681 368 1682 328 1683 365 1684 368 1685 305 1686 307 1687 389 1688 307 1689 386 1690 389 1691 328 1692 331 1693 365 1694 331 1695 362 1696 365 1697 307 1698 310 1699 386 1700 310 1701 383 1702 386 1703 407 1704 450 1705 409 1706 450 1707 449 1708 409 1709 436 1710 440 1711 467 1712 440 1713 464 1714 467 1715 455 1716 434 1717 454 1718 434 1719 431 1720 454 1721 451 1722 454 1723 422 1724 454 1725 424 1726 422 1727 439 1728 437 1729 443 1730 437 1731 456 1732 443 1733 446 1734 453 1735 401 1736 453 1737 450 1738 401 1739 454 1740 431 1741 424 1742 431 1743 428 1744 424 1745 413 1746 448 1747 416 1748 448 1749 419 1750 416 1751 443 1752 456 1753 446 1754 456 1755 453 1756 446 1757 456 1758 437 1759 455 1760 437 1761 434 1762 455 1763 401 1764 450 1765 403 1766 450 1767 407 1768 403 1769 409 1770 449 1771 413 1772 449 1773 448 1774 413 1775 448 1776 451 1777 419 1778 451 1779 422 1780 419 1781 404 1782 405 1783 406 1784 405 1785 408 1786 406 1787 405 1788 403 1789 408 1790 403 1791 407 1792 408 1793 410 1794 411 1795 412 1796 411 1797 414 1798 412 1799 411 1800 409 1801 414 1802 409 1803 413 1804 414 1805 425 1806 426 1807 427 1808 426 1809 429 1810 427 1811 426 1812 424 1813 429 1814 424 1815 428 1816 429 1817 412 1818 414 1819 415 1820 414 1821 417 1822 415 1823 414 1824 413 1825 417 1826 413 1827 416 1828 417 1829 415 1830 417 1831 418 1832 417 1833 420 1834 418 1835 417 1836 416 1837 420 1838 416 1839 419 1840 420 1841 427 1842 429 1843 430 1844 429 1845 432 1846 430 1847 429 1848 428 1849 432 1850 428 1851 431 1852 432 1853 430 1854 432 1855 433 1856 432 1857 435 1858 433 1859 432 1860 431 1861 435 1862 431 1863 434 1864 435 1865 440 1866 441 1867 442 1868 441 1869 444 1870 442 1871 441 1872 439 1873 444 1874 439 1875 443 1876 444 1877 418 1878 420 1879 421 1880 420 1881 423 1882 421 1883 420 1884 419 1885 423 1886 419 1887 422 1888 423 1889 421 1890 423 1891 425 1892 423 1893 426 1894 425 1895 423 1896 422 1897 426 1898 422 1899 424 1900 426 1901 433 1902 435 1903 436 1904 435 1905 438 1906 436 1907 435 1908 434 1909 438 1910 434 1911 437 1912 438 1913 436 1914 438 1915 440 1916 438 1917 441 1918 440 1919 438 1920 437 1921 441 1922 437 1923 439 1924 441 1925 442 1926 444 1927 445 1928 444 1929 447 1930 445 1931 444 1932 443 1933 447 1934 443 1935 446 1936 447 1937 406 1938 408 1939 410 1940 408 1941 411 1942 410 1943 408 1944 407 1945 411 1946 407 1947 409 1948 411 1949 445 1950 447 1951 400 1952 447 1953 402 1954 400 1955 447 1956 446 1957 402 1958 446 1959 401 1960 402 1961 400 1962 402 1963 404 1964 402 1965 405 1966 404 1967 402 1968 401 1969 405 1970 401 1971 403 1972 405 1973 449 1974 452 1975 448 1976 452 1977 451 1978 448 1979 452 1980 455 1981 451 1982 455 1983 454 1984 451 1985 450 1986 453 1987 449 1988 453 1989 452 1990 449 1991 453 1992 456 1993 452 1994 456 1995 455 1996 452 1997 461 1998 457 1999 462 2000 457 2001 459 2002 462 2003 462 2004 459 2005 460 2006 459 2007 458 2008 460 2009 464 2010 461 2011 465 2012 461 2013 462 2014 465 2015 465 2016 462 2017 463 2018 462 2019 460 2020 463 2021 467 2022 464 2023 468 2024 464 2025 465 2026 468 2027 468 2028 465 2029 466 2030 465 2031 463 2032 466 2033 470 2034 467 2035 471 2036 467 2037 468 2038 471 2039 471 2040 468 2041 469 2042 468 2043 466 2044 469 2045 473 2046 470 2047 474 2048 470 2049 471 2050 474 2051 474 2052 471 2053 472 2054 471 2055 469 2056 472 2057 476 2058 473 2059 477 2060 473 2061 474 2062 477 2063 477 2064 474 2065 475 2066 474 2067 472 2068 475 2069 479 2070 476 2071 480 2072 476 2073 477 2074 480 2075 480 2076 477 2077 478 2078 477 2079 475 2080 478 2081 482 2082 479 2083 483 2084 479 2085 480 2086 483 2087 483 2088 480 2089 481 2090 480 2091 478 2092 481 2093 485 2094 482 2095 486 2096 482 2097 483 2098 486 2099 486 2100 483 2101 484 2102 483 2103 481 2104 484 2105 488 2106 485 2107 489 2108 485 2109 486 2110 489 2111 489 2112 486 2113 487 2114 486 2115 484 2116 487 2117 491 2118 488 2119 492 2120 488 2121 489 2122 492 2123 492 2124 489 2125 490 2126 489 2127 487 2128 490 2129 494 2130 491 2131 495 2132 491 2133 492 2134 495 2135 495 2136 492 2137 493 2138 492 2139 490 2140 493 2141 497 2142 494 2143 498 2144 494 2145 495 2146 498 2147 498 2148 495 2149 496 2150 495 2151 493 2152 496 2153 500 2154 497 2155 501 2156 497 2157 498 2158 501 2159 501 2160 498 2161 499 2162 498 2163 496 2164 499 2165 503 2166 500 2167 504 2168 500 2169 501 2170 504 2171 504 2172 501 2173 502 2174 501 2175 499 2176 502 2177 457 2178 503 2179 459 2180 503 2181 504 2182 459 2183 459 2184 504 2185 458 2186 504 2187 502 2188 458 2189 415 2190 418 2191 488 2192 418 2193 485 2194 488 2195 440 2196 442 2197 464 2198 442 2199 461 2200 464 2201 418 2202 421 2203 485 2204 421 2205 482 2206 485 2207 457 2208 445 2209 503 2210 445 2211 400 2212 503 2213 442 2214 445 2215 461 2216 445 2217 457 2218 461 2219 421 2220 425 2221 482 2222 425 2223 479 2224 482 2225 503 2226 400 2227 500 2228 400 2229 404 2230 500 2231 425 2232 427 2233 479 2234 427 2235 476 2236 479 2237 404 2238 406 2239 500 2240 406 2241 497 2242 500 2243 427 2244 430 2245 476 2246 430 2247 473 2248 476 2249 406 2250 410 2251 497 2252 410 2253 494 2254 497 2255 430 2256 433 2257 473 2258 433 2259 470 2260 473 2261 410 2262 412 2263 494 2264 412 2265 491 2266 494 2267 433 2268 436 2269 470 2270 436 2271 467 2272 470 2273 412 2274 415 2275 491 2276 415 2277 488 2278 491 2279 512 2280 555 2281 514 2282 555 2283 554 2284 514 2285 541 2286 545 2287 572 2288 545 2289 569 2290 572 2291 560 2292 539 2293 559 2294 539 2295 536 2296 559 2297 556 2298 559 2299 527 2300 559 2301 529 2302 527 2303 544 2304 542 2305 548 2306 542 2307 561 2308 548 2309 551 2310 558 2311 506 2312 558 2313 555 2314 506 2315 559 2316 536 2317 529 2318 536 2319 533 2320 529 2321 518 2322 553 2323 521 2324 553 2325 524 2326 521 2327 548 2328 561 2329 551 2330 561 2331 558 2332 551 2333 561 2334 542 2335 560 2336 542 2337 539 2338 560 2339 506 2340 555 2341 508 2342 555 2343 512 2344 508 2345 514 2346 554 2347 518 2348 554 2349 553 2350 518 2351 553 2352 556 2353 524 2354 556 2355 527 2356 524 2357 509 2358 510 2359 511 2360 510 2361 513 2362 511 2363 510 2364 508 2365 513 2366 508 2367 512 2368 513 2369 515 2370 516 2371 517 2372 516 2373 519 2374 517 2375 516 2376 514 2377 519 2378 514 2379 518 2380 519 2381 530 2382 531 2383 532 2384 531 2385 534 2386 532 2387 531 2388 529 2389 534 2390 529 2391 533 2392 534 2393 517 2394 519 2395 520 2396 519 2397 522 2398 520 2399 519 2400 518 2401 522 2402 518 2403 521 2404 522 2405 520 2406 522 2407 523 2408 522 2409 525 2410 523 2411 522 2412 521 2413 525 2414 521 2415 524 2416 525 2417 532 2418 534 2419 535 2420 534 2421 537 2422 535 2423 534 2424 533 2425 537 2426 533 2427 536 2428 537 2429 535 2430 537 2431 538 2432 537 2433 540 2434 538 2435 537 2436 536 2437 540 2438 536 2439 539 2440 540 2441 545 2442 546 2443 547 2444 546 2445 549 2446 547 2447 546 2448 544 2449 549 2450 544 2451 548 2452 549 2453 523 2454 525 2455 526 2456 525 2457 528 2458 526 2459 525 2460 524 2461 528 2462 524 2463 527 2464 528 2465 526 2466 528 2467 530 2468 528 2469 531 2470 530 2471 528 2472 527 2473 531 2474 527 2475 529 2476 531 2477 538 2478 540 2479 541 2480 540 2481 543 2482 541 2483 540 2484 539 2485 543 2486 539 2487 542 2488 543 2489 541 2490 543 2491 545 2492 543 2493 546 2494 545 2495 543 2496 542 2497 546 2498 542 2499 544 2500 546 2501 547 2502 549 2503 550 2504 549 2505 552 2506 550 2507 549 2508 548 2509 552 2510 548 2511 551 2512 552 2513 511 2514 513 2515 515 2516 513 2517 516 2518 515 2519 513 2520 512 2521 516 2522 512 2523 514 2524 516 2525 550 2526 552 2527 505 2528 552 2529 507 2530 505 2531 552 2532 551 2533 507 2534 551 2535 506 2536 507 2537 505 2538 507 2539 509 2540 507 2541 510 2542 509 2543 507 2544 506 2545 510 2546 506 2547 508 2548 510 2549 554 2550 557 2551 553 2552 557 2553 556 2554 553 2555 557 2556 560 2557 556 2558 560 2559 559 2560 556 2561 555 2562 558 2563 554 2564 558 2565 557 2566 554 2567 558 2568 561 2569 557 2570 561 2571 560 2572 557 2573 566 2574 562 2575 567 2576 562 2577 564 2578 567 2579 567 2580 564 2581 565 2582 564 2583 563 2584 565 2585 569 2586 566 2587 570 2588 566 2589 567 2590 570 2591 570 2592 567 2593 568 2594 567 2595 565 2596 568 2597 572 2598 569 2599 573 2600 569 2601 570 2602 573 2603 573 2604 570 2605 571 2606 570 2607 568 2608 571 2609 575 2610 572 2611 576 2612 572 2613 573 2614 576 2615 576 2616 573 2617 574 2618 573 2619 571 2620 574 2621 578 2622 575 2623 579 2624 575 2625 576 2626 579 2627 579 2628 576 2629 577 2630 576 2631 574 2632 577 2633 581 2634 578 2635 582 2636 578 2637 579 2638 582 2639 582 2640 579 2641 580 2642 579 2643 577 2644 580 2645 584 2646 581 2647 585 2648 581 2649 582 2650 585 2651 585 2652 582 2653 583 2654 582 2655 580 2656 583 2657 587 2658 584 2659 588 2660 584 2661 585 2662 588 2663 588 2664 585 2665 586 2666 585 2667 583 2668 586 2669 590 2670 587 2671 591 2672 587 2673 588 2674 591 2675 591 2676 588 2677 589 2678 588 2679 586 2680 589 2681 593 2682 590 2683 594 2684 590 2685 591 2686 594 2687 594 2688 591 2689 592 2690 591 2691 589 2692 592 2693 596 2694 593 2695 597 2696 593 2697 594 2698 597 2699 597 2700 594 2701 595 2702 594 2703 592 2704 595 2705 599 2706 596 2707 600 2708 596 2709 597 2710 600 2711 600 2712 597 2713 598 2714 597 2715 595 2716 598 2717 602 2718 599 2719 603 2720 599 2721 600 2722 603 2723 603 2724 600 2725 601 2726 600 2727 598 2728 601 2729 605 2730 602 2731 606 2732 602 2733 603 2734 606 2735 606 2736 603 2737 604 2738 603 2739 601 2740 604 2741 608 2742 605 2743 609 2744 605 2745 606 2746 609 2747 609 2748 606 2749 607 2750 606 2751 604 2752 607 2753 562 2754 608 2755 564 2756 608 2757 609 2758 564 2759 564 2760 609 2761 563 2762 609 2763 607 2764 563 2765 520 2766 523 2767 593 2768 523 2769 590 2770 593 2771 545 2772 547 2773 569 2774 547 2775 566 2776 569 2777 523 2778 526 2779 590 2780 526 2781 587 2782 590 2783 562 2784 550 2785 608 2786 550 2787 505 2788 608 2789 547 2790 550 2791 566 2792 550 2793 562 2794 566 2795 526 2796 530 2797 587 2798 530 2799 584 2800 587 2801 608 2802 505 2803 605 2804 505 2805 509 2806 605 2807 530 2808 532 2809 584 2810 532 2811 581 2812 584 2813 509 2814 511 2815 605 2816 511 2817 602 2818 605 2819 532 2820 535 2821 581 2822 535 2823 578 2824 581 2825 511 2826 515 2827 602 2828 515 2829 599 2830 602 2831 535 2832 538 2833 578 2834 538 2835 575 2836 578 2837 515 2838 517 2839 599 2840 517 2841 596 2842 599 2843 538 2844 541 2845 575 2846 541 2847 572 2848 575 2849 517 2850 520 2851 596 2852 520 2853 593 2854 596 2855</p>
				</triangles>
			</mesh>
		</geometry>
	</library_geometries>
	<library_visual_scenes>
		<visual_scene id="Scene" name="Scene">
			<node id="Part_0" name="Part.0" type="NODE">
				<matrix sid="transform">1 0 0 0 0 1 0 0 0 0 1 0 0 0 0 1</matrix>
				<instance_geometry url="#3066-mesh">
					<bind_material>
						<technique_common>
							<instance_material symbol="MB|5-material" target="#MB|5-material"/>
						</technique_common>
					</bind_material>
				</instance_geometry>
			</node>
			<node id="Part_1" name="Part.1" type="NODE">
				<matrix sid="transform">0 0 -1 -20 0 1 0 0 1 0 0 20 0 0 0 1</matrix>
				<instance_geometry url="#3066-mesh">
					<bind_material>
						<technique_common>
							<instance_material symbol="MB|5-material" target="#MB|5-material"/>
						</technique_common>
					</bind_material>
				</instance_geometry>
			</node>
			<node id="Part_2" name="Part.2" type="NODE">
				<matrix sid="transform">1 0 0 -20 0 1 0 0 0 0 1 0 0 0 0 1</matrix>
				<instance_geometry url="#3005-mesh">
					<bind_material>
						<technique_common>
							<instance_material symbol="MB|5-material" target="#MB|5-material"/>
						</technique_common>
					</bind_material>
				</instance_geometry>
			</node>
		</visual_scene>
	</library_visual_scenes>
	<scene>
		<instance_visual_scene url="#Scene"/>
	</scene>
</COLLADA>